sample,taxonomy,Taxon,Taxon Level,Trophic Mode,Guild,Growth Morphology,Trait,Confidence Ranking,Notes,Citation/Source
m2x_10_A,k__Fungi;p__Ascomycota;c__Pezizomycetes;o__Pezizales;f__Pyronemataceae;g__Pustularia;NA,Pyronemataceae,9,Saprotroph-Symbiotroph,Dung Saprotroph-Ectomycorrhizal-Soil Saprotroph-Wood Saprotroph,Gasteroid-Pezizoid,NULL,Possible,"Saprobic on soil, dung or rotten wood or mycorrhizal, some species hypogeous, others associated with fire sites (Cannon & Kirk 2007)","Cannon PF, Kirk PM. 2007. Fungal Families of the World. CAB International, Cambridge (ISBN: 978-0851998275)"
m2x_1_A,k__Fungi;p__Ascomycota;c__Pezizomycetes;o__Pezizales;f__Pyronemataceae;g__Pustularia;NA,Pyronemataceae,9,Saprotroph-Symbiotroph,Dung Saprotroph-Ectomycorrhizal-Soil Saprotroph-Wood Saprotroph,Gasteroid-Pezizoid,NULL,Possible,"Saprobic on soil, dung or rotten wood or mycorrhizal, some species hypogeous, others associated with fire sites (Cannon & Kirk 2007)","Cannon PF, Kirk PM. 2007. Fungal Families of the World. CAB International, Cambridge (ISBN: 978-0851998275)"
m2x_1_E,k__Fungi;p__Ascomycota;c__Pezizomycetes;o__Pezizales;f__Pyronemataceae;g__Pustularia;NA,Pyronemataceae,9,Saprotroph-Symbiotroph,Dung Saprotroph-Ectomycorrhizal-Soil Saprotroph-Wood Saprotroph,Gasteroid-Pezizoid,NULL,Possible,"Saprobic on soil, dung or rotten wood or mycorrhizal, some species hypogeous, others associated with fire sites (Cannon & Kirk 2007)","Cannon PF, Kirk PM. 2007. Fungal Families of the World. CAB International, Cambridge (ISBN: 978-0851998275)"
m2x_1_H,k__Fungi;p__Ascomycota;c__Pezizomycetes;o__Pezizales;f__Pyronemataceae;g__Pustularia;NA,Pyronemataceae,9,Saprotroph-Symbiotroph,Dung Saprotroph-Ectomycorrhizal-Soil Saprotroph-Wood Saprotroph,Gasteroid-Pezizoid,NULL,Possible,"Saprobic on soil, dung or rotten wood or mycorrhizal, some species hypogeous, others associated with fire sites (Cannon & Kirk 2007)","Cannon PF, Kirk PM. 2007. Fungal Families of the World. CAB International, Cambridge (ISBN: 978-0851998275)"
m2x_2_B,k__Fungi;p__Ascomycota;c__Leotiomycetes;o__Helotiales;f__Vibrisseaceae;g__Phialocephala;s__fortinii,Phialocephala,13,Symbiotroph,Endophyte,Microfungus,NULL,Highly Probable,"Dark Septate Endophyte, known from plant roots.",Newsham KK. 2011. New Phytologist 190:783-793 ((https://doi.org/10.1111/j.1469-8137.2010.03611.x)) (as dark septate root endophytes)
m2x_2_D,k__Fungi;p__Basidiomycota;c__Agaricomycetes;o__Boletales;f__Rhizopogonaceae;g__Rhizopogon;s__hawkerae,Rhizopogon,13,Symbiotroph,Ectomycorrhizal,Gasteroid,Hypogeous,Highly Probable,Common name - false truffle,"Rinaldi AC, et al. 2008. Fungal Diversity 33:1-45 ((http://www.fungaldiversity.org/fdp/sfdp/33-1.pdf)); Tedersoo L, et al. 2010. Mycorrhiza 20:217-263 ((https://doi.org/10.1007/s00572-009-0274-x)); http://mycorrhizas.info/ecmf.html ((http://mycorrhizas.info/ecmf.html))"
m2x_2_E,k__Fungi;p__Basidiomycota;c__Agaricomycetes;o__Boletales;f__Rhizopogonaceae;g__Rhizopogon;s__hawkerae,Rhizopogon,13,Symbiotroph,Ectomycorrhizal,Gasteroid,Hypogeous,Highly Probable,Common name - false truffle,"Rinaldi AC, et al. 2008. Fungal Diversity 33:1-45 ((http://www.fungaldiversity.org/fdp/sfdp/33-1.pdf)); Tedersoo L, et al. 2010. Mycorrhiza 20:217-263 ((https://doi.org/10.1007/s00572-009-0274-x)); http://mycorrhizas.info/ecmf.html ((http://mycorrhizas.info/ecmf.html))"
m2x_2_G,k__Fungi;p__Ascomycota;c__Pezizomycetes;o__Pezizales;f__Pyronemataceae;g__Pustularia;NA,Pyronemataceae,9,Saprotroph-Symbiotroph,Dung Saprotroph-Ectomycorrhizal-Soil Saprotroph-Wood Saprotroph,Gasteroid-Pezizoid,NULL,Possible,"Saprobic on soil, dung or rotten wood or mycorrhizal, some species hypogeous, others associated with fire sites (Cannon & Kirk 2007)","Cannon PF, Kirk PM. 2007. Fungal Families of the World. CAB International, Cambridge (ISBN: 978-0851998275)"
m2x_3_A,k__Fungi;p__Basidiomycota;c__Agaricomycetes;o__Boletales;f__Rhizopogonaceae;g__Rhizopogon;s__hawkerae,Rhizopogon,13,Symbiotroph,Ectomycorrhizal,Gasteroid,Hypogeous,Highly Probable,Common name - false truffle,"Rinaldi AC, et al. 2008. Fungal Diversity 33:1-45 ((http://www.fungaldiversity.org/fdp/sfdp/33-1.pdf)); Tedersoo L, et al. 2010. Mycorrhiza 20:217-263 ((https://doi.org/10.1007/s00572-009-0274-x)); http://mycorrhizas.info/ecmf.html ((http://mycorrhizas.info/ecmf.html))"
m2x_3_E,k__Fungi;p__Ascomycota;c__Pezizomycetes;o__Pezizales;f__Pyronemataceae;g__Pustularia;NA,Pyronemataceae,9,Saprotroph-Symbiotroph,Dung Saprotroph-Ectomycorrhizal-Soil Saprotroph-Wood Saprotroph,Gasteroid-Pezizoid,NULL,Possible,"Saprobic on soil, dung or rotten wood or mycorrhizal, some species hypogeous, others associated with fire sites (Cannon & Kirk 2007)","Cannon PF, Kirk PM. 2007. Fungal Families of the World. CAB International, Cambridge (ISBN: 978-0851998275)"
m2x_3_F,k__Fungi;p__Ascomycota;c__Leotiomycetes;o__Helotiales;f__Hyaloscyphaceae;g__Hyphodiscus;NA,Hyphodiscus,13,Pathotroph,Fungal Parasite,Microfungus,NULL,Highly Probable,NULL,List compiled by John Plischke III ((https://goodmushroom.weebly.com/uploads/5/7/1/7/57176535/fungi_on_fungi_pdf_lq.pdf))
m2x_3_G,k__Fungi;p__Ascomycota;c__Pezizomycetes;o__Pezizales;f__Pyronemataceae;g__Wilcoxina;s__rehmii,Wilcoxina,13,Symbiotroph,Ectomycorrhizal,Pezizoid,NULL,Highly Probable,NULL,"Rinaldi AC, et al. 2008. Fungal Diversity 33:1-45 ((http://www.fungaldiversity.org/fdp/sfdp/33-1.pdf)); Tedersoo L, et al. 2010. Mycorrhiza 20:217-263 ((https://doi.org/10.1007/s00572-009-0274-x)); http://mycorrhizas.info/ecmf.html ((http://mycorrhizas.info/ecmf.html))"
m2x_3_H,k__Fungi;p__Ascomycota;c__Pezizomycetes;o__Pezizales;f__Tuberaceae;g__Tuber;s__candidum,Tuberaceae,9,Symbiotroph,Ectomycorrhizal,Gasteroid,Hypogeous,Probable,"Common name - true truffle; Mycorrhizal with broadleaved trees, growing in the surface layer of soil and closely associated with roots. Highly specific pheromone-like chemicals are produced that play a role in dispersal by attracting mammals that uproot fruit bodies and ditribute spores (Cannon & Kirk 2007)","Cannon PF, Kirk PM. 2007. Fungal Families of the World. CAB International, Cambridge (ISBN: 978-0851998275)"
m2x_4_A,k__Fungi;p__Basidiomycota;c__Agaricomycetes;o__Boletales;f__Rhizopogonaceae;g__Rhizopogon;s__hawkerae,Rhizopogon,13,Symbiotroph,Ectomycorrhizal,Gasteroid,Hypogeous,Highly Probable,Common name - false truffle,"Rinaldi AC, et al. 2008. Fungal Diversity 33:1-45 ((http://www.fungaldiversity.org/fdp/sfdp/33-1.pdf)); Tedersoo L, et al. 2010. Mycorrhiza 20:217-263 ((https://doi.org/10.1007/s00572-009-0274-x)); http://mycorrhizas.info/ecmf.html ((http://mycorrhizas.info/ecmf.html))"
m2x_4_B,k__Fungi;p__Basidiomycota;c__Agaricomycetes;o__Boletales;f__Rhizopogonaceae;g__Rhizopogon;s__hawkerae,Rhizopogon,13,Symbiotroph,Ectomycorrhizal,Gasteroid,Hypogeous,Highly Probable,Common name - false truffle,"Rinaldi AC, et al. 2008. Fungal Diversity 33:1-45 ((http://www.fungaldiversity.org/fdp/sfdp/33-1.pdf)); Tedersoo L, et al. 2010. Mycorrhiza 20:217-263 ((https://doi.org/10.1007/s00572-009-0274-x)); http://mycorrhizas.info/ecmf.html ((http://mycorrhizas.info/ecmf.html))"
m2x_4_H,k__Fungi;p__Ascomycota;c__Pezizomycetes;o__Pezizales;f__Pyronemataceae;g__Pustularia;NA,Pyronemataceae,9,Saprotroph-Symbiotroph,Dung Saprotroph-Ectomycorrhizal-Soil Saprotroph-Wood Saprotroph,Gasteroid-Pezizoid,NULL,Possible,"Saprobic on soil, dung or rotten wood or mycorrhizal, some species hypogeous, others associated with fire sites (Cannon & Kirk 2007)","Cannon PF, Kirk PM. 2007. Fungal Families of the World. CAB International, Cambridge (ISBN: 978-0851998275)"
m2x_5_A,k__Fungi;p__Ascomycota;c__Pezizomycetes;o__Pezizales;f__Pyronemataceae;g__Pustularia;NA,Pyronemataceae,9,Saprotroph-Symbiotroph,Dung Saprotroph-Ectomycorrhizal-Soil Saprotroph-Wood Saprotroph,Gasteroid-Pezizoid,NULL,Possible,"Saprobic on soil, dung or rotten wood or mycorrhizal, some species hypogeous, others associated with fire sites (Cannon & Kirk 2007)","Cannon PF, Kirk PM. 2007. Fungal Families of the World. CAB International, Cambridge (ISBN: 978-0851998275)"
m2x_5_B,k__Fungi;p__Ascomycota;c__Pezizomycetes;o__Pezizales;f__Pyronemataceae;g__Pustularia;NA,Pyronemataceae,9,Saprotroph-Symbiotroph,Dung Saprotroph-Ectomycorrhizal-Soil Saprotroph-Wood Saprotroph,Gasteroid-Pezizoid,NULL,Possible,"Saprobic on soil, dung or rotten wood or mycorrhizal, some species hypogeous, others associated with fire sites (Cannon & Kirk 2007)","Cannon PF, Kirk PM. 2007. Fungal Families of the World. CAB International, Cambridge (ISBN: 978-0851998275)"
m2x_5_D,k__Fungi;p__Ascomycota;c__Pezizomycetes;o__Pezizales;f__Pyronemataceae;g__Pustularia;NA,Pyronemataceae,9,Saprotroph-Symbiotroph,Dung Saprotroph-Ectomycorrhizal-Soil Saprotroph-Wood Saprotroph,Gasteroid-Pezizoid,NULL,Possible,"Saprobic on soil, dung or rotten wood or mycorrhizal, some species hypogeous, others associated with fire sites (Cannon & Kirk 2007)","Cannon PF, Kirk PM. 2007. Fungal Families of the World. CAB International, Cambridge (ISBN: 978-0851998275)"
m2x_5_E,k__Fungi;p__Ascomycota;c__Pezizomycetes;o__Pezizales;f__Pyronemataceae;g__Pustularia;NA,Pyronemataceae,9,Saprotroph-Symbiotroph,Dung Saprotroph-Ectomycorrhizal-Soil Saprotroph-Wood Saprotroph,Gasteroid-Pezizoid,NULL,Possible,"Saprobic on soil, dung or rotten wood or mycorrhizal, some species hypogeous, others associated with fire sites (Cannon & Kirk 2007)","Cannon PF, Kirk PM. 2007. Fungal Families of the World. CAB International, Cambridge (ISBN: 978-0851998275)"
m2x_6_A,k__Fungi;p__Basidiomycota;c__Agaricomycetes;o__Boletales;f__Melanogastraceae;g__Melanogaster;NA,Melanogaster,13,Symbiotroph,Ectomycorrhizal,Gasteroid,Hypogeous,Highly Probable,Common name - false truffle,"Rinaldi AC, et al. 2008. Fungal Diversity 33:1-45 ((http://www.fungaldiversity.org/fdp/sfdp/33-1.pdf)); Tedersoo L, et al. 2010. Mycorrhiza 20:217-263 ((https://doi.org/10.1007/s00572-009-0274-x)); http://mycorrhizas.info/ecmf.html ((http://mycorrhizas.info/ecmf.html))"
m2x_6_F,k__Fungi;p__Basidiomycota;c__Agaricomycetes;o__Boletales;f__Melanogastraceae;g__Melanogaster;NA,Melanogaster,13,Symbiotroph,Ectomycorrhizal,Gasteroid,Hypogeous,Highly Probable,Common name - false truffle,"Rinaldi AC, et al. 2008. Fungal Diversity 33:1-45 ((http://www.fungaldiversity.org/fdp/sfdp/33-1.pdf)); Tedersoo L, et al. 2010. Mycorrhiza 20:217-263 ((https://doi.org/10.1007/s00572-009-0274-x)); http://mycorrhizas.info/ecmf.html ((http://mycorrhizas.info/ecmf.html))"
m2x_6_G,k__Fungi;p__Ascomycota;c__Eurotiomycetes;o__Chaetothyriales;f__Herpotrichiellaceae;g__Phialophora;s__cyclaminis,Phialophora,13,Pathotroph-Saprotroph-Symbiotroph,Animal Pathogen-Endophyte-Ericoid Mycorrhizal-Plant Pathogen-Wood Saprotroph,Facultative Yeast-Microfungus,NULL,Possible,"Consult the current literature for updated names on this paraphyletic grouping that included the Black Yeasts, Dark Septate Endophytes, etc.","Nilsson T. 1973. Studia Forestalia Suecica 104:1-40 ((https://pub.epsilon.slu.se/5711/)); de Hoog GS, et al. 2000. Mycoses 43:409-416 ((https://doi.org/10.1111/j.1439-0507.2000.00601.x)); Rinaldi AC, et al. 2008. Fungal Diversity 3:31-45 ((https://www.fungaldiversity.org/fdp/sfdp/33-1.pdf)); Newsham KK. 2011. New Phytologist 190:783-793 ((https://doi.org/10.1111/j.1469-8137.2010.03611.x)) (as DSE); Irinyi L, et al. 2015. Medical Mycology 53:313-337 ((https://doi.org/10.1093/mmy/myv008)); The American Phytopathological Society Common Names of Plant Diseases ((http://www.apsnet.org/publications/commonnames/Pages/default.aspx))"
m2x_6_H,k__Fungi;p__Basidiomycota;c__Agaricomycetes;o__Boletales;f__Melanogastraceae;g__Melanogaster;NA,Melanogaster,13,Symbiotroph,Ectomycorrhizal,Gasteroid,Hypogeous,Highly Probable,Common name - false truffle,"Rinaldi AC, et al. 2008. Fungal Diversity 33:1-45 ((http://www.fungaldiversity.org/fdp/sfdp/33-1.pdf)); Tedersoo L, et al. 2010. Mycorrhiza 20:217-263 ((https://doi.org/10.1007/s00572-009-0274-x)); http://mycorrhizas.info/ecmf.html ((http://mycorrhizas.info/ecmf.html))"
m2x_7_B,k__Fungi;p__Basidiomycota;c__Agaricomycetes;o__Boletales;f__Melanogastraceae;g__Melanogaster;NA,Melanogaster,13,Symbiotroph,Ectomycorrhizal,Gasteroid,Hypogeous,Highly Probable,Common name - false truffle,"Rinaldi AC, et al. 2008. Fungal Diversity 33:1-45 ((http://www.fungaldiversity.org/fdp/sfdp/33-1.pdf)); Tedersoo L, et al. 2010. Mycorrhiza 20:217-263 ((https://doi.org/10.1007/s00572-009-0274-x)); http://mycorrhizas.info/ecmf.html ((http://mycorrhizas.info/ecmf.html))"
m2x_7_C,k__Fungi;p__Ascomycota;c__Pezizomycetes;o__Pezizales;f__Pyronemataceae;g__Pustularia;NA,Pyronemataceae,9,Saprotroph-Symbiotroph,Dung Saprotroph-Ectomycorrhizal-Soil Saprotroph-Wood Saprotroph,Gasteroid-Pezizoid,NULL,Possible,"Saprobic on soil, dung or rotten wood or mycorrhizal, some species hypogeous, others associated with fire sites (Cannon & Kirk 2007)","Cannon PF, Kirk PM. 2007. Fungal Families of the World. CAB International, Cambridge (ISBN: 978-0851998275)"
m2x_7_E,k__Fungi;p__Ascomycota;c__Pezizomycetes;o__Pezizales;f__Tuberaceae;g__Tuber;s__candidum,Tuberaceae,9,Symbiotroph,Ectomycorrhizal,Gasteroid,Hypogeous,Probable,"Common name - true truffle; Mycorrhizal with broadleaved trees, growing in the surface layer of soil and closely associated with roots. Highly specific pheromone-like chemicals are produced that play a role in dispersal by attracting mammals that uproot fruit bodies and ditribute spores (Cannon & Kirk 2007)","Cannon PF, Kirk PM. 2007. Fungal Families of the World. CAB International, Cambridge (ISBN: 978-0851998275)"
m2x_7_F,k__Fungi;p__Ascomycota;c__Pezizomycetes;o__Pezizales;f__Tuberaceae;g__Tuber;NA,Tuberaceae,9,Symbiotroph,Ectomycorrhizal,Gasteroid,Hypogeous,Probable,"Common name - true truffle; Mycorrhizal with broadleaved trees, growing in the surface layer of soil and closely associated with roots. Highly specific pheromone-like chemicals are produced that play a role in dispersal by attracting mammals that uproot fruit bodies and ditribute spores (Cannon & Kirk 2007)","Cannon PF, Kirk PM. 2007. Fungal Families of the World. CAB International, Cambridge (ISBN: 978-0851998275)"
m2x_7_G,k__Fungi;p__Ascomycota;c__Pezizomycetes;o__Pezizales;f__Tuberaceae;g__Tuber;NA,Tuberaceae,9,Symbiotroph,Ectomycorrhizal,Gasteroid,Hypogeous,Probable,"Common name - true truffle; Mycorrhizal with broadleaved trees, growing in the surface layer of soil and closely associated with roots. Highly specific pheromone-like chemicals are produced that play a role in dispersal by attracting mammals that uproot fruit bodies and ditribute spores (Cannon & Kirk 2007)","Cannon PF, Kirk PM. 2007. Fungal Families of the World. CAB International, Cambridge (ISBN: 978-0851998275)"
m2x_7_H,k__Fungi;p__Ascomycota;c__Pezizomycetes;o__Pezizales;f__Pyronemataceae;g__Pustularia;NA,Pyronemataceae,9,Saprotroph-Symbiotroph,Dung Saprotroph-Ectomycorrhizal-Soil Saprotroph-Wood Saprotroph,Gasteroid-Pezizoid,NULL,Possible,"Saprobic on soil, dung or rotten wood or mycorrhizal, some species hypogeous, others associated with fire sites (Cannon & Kirk 2007)","Cannon PF, Kirk PM. 2007. Fungal Families of the World. CAB International, Cambridge (ISBN: 978-0851998275)"
m2x_8_A,k__Fungi;p__Ascomycota;c__Pezizomycetes;o__Pezizales;f__Pyronemataceae;g__Pustularia;NA,Pyronemataceae,9,Saprotroph-Symbiotroph,Dung Saprotroph-Ectomycorrhizal-Soil Saprotroph-Wood Saprotroph,Gasteroid-Pezizoid,NULL,Possible,"Saprobic on soil, dung or rotten wood or mycorrhizal, some species hypogeous, others associated with fire sites (Cannon & Kirk 2007)","Cannon PF, Kirk PM. 2007. Fungal Families of the World. CAB International, Cambridge (ISBN: 978-0851998275)"
m2x_8_B,k__Fungi;p__Ascomycota;c__Pezizomycetes;o__Pezizales;f__Pyronemataceae;g__Pustularia;NA,Pyronemataceae,9,Saprotroph-Symbiotroph,Dung Saprotroph-Ectomycorrhizal-Soil Saprotroph-Wood Saprotroph,Gasteroid-Pezizoid,NULL,Possible,"Saprobic on soil, dung or rotten wood or mycorrhizal, some species hypogeous, others associated with fire sites (Cannon & Kirk 2007)","Cannon PF, Kirk PM. 2007. Fungal Families of the World. CAB International, Cambridge (ISBN: 978-0851998275)"
m2x_8_C,k__Fungi;p__Ascomycota;c__Pezizomycetes;o__Pezizales;f__Pyronemataceae;g__Pustularia;NA,Pyronemataceae,9,Saprotroph-Symbiotroph,Dung Saprotroph-Ectomycorrhizal-Soil Saprotroph-Wood Saprotroph,Gasteroid-Pezizoid,NULL,Possible,"Saprobic on soil, dung or rotten wood or mycorrhizal, some species hypogeous, others associated with fire sites (Cannon & Kirk 2007)","Cannon PF, Kirk PM. 2007. Fungal Families of the World. CAB International, Cambridge (ISBN: 978-0851998275)"
m2x_8_D,k__Fungi;p__Basidiomycota;c__Agaricomycetes;o__Boletales;f__Rhizopogonaceae;g__Rhizopogon;s__hawkerae,Rhizopogon,13,Symbiotroph,Ectomycorrhizal,Gasteroid,Hypogeous,Highly Probable,Common name - false truffle,"Rinaldi AC, et al. 2008. Fungal Diversity 33:1-45 ((http://www.fungaldiversity.org/fdp/sfdp/33-1.pdf)); Tedersoo L, et al. 2010. Mycorrhiza 20:217-263 ((https://doi.org/10.1007/s00572-009-0274-x)); http://mycorrhizas.info/ecmf.html ((http://mycorrhizas.info/ecmf.html))"
m2x_8_H,k__Fungi;p__Ascomycota;c__Pezizomycetes;o__Pezizales;f__Pyronemataceae;g__Pustularia;NA,Pyronemataceae,9,Saprotroph-Symbiotroph,Dung Saprotroph-Ectomycorrhizal-Soil Saprotroph-Wood Saprotroph,Gasteroid-Pezizoid,NULL,Possible,"Saprobic on soil, dung or rotten wood or mycorrhizal, some species hypogeous, others associated with fire sites (Cannon & Kirk 2007)","Cannon PF, Kirk PM. 2007. Fungal Families of the World. CAB International, Cambridge (ISBN: 978-0851998275)"
m2x_9_F,k__Fungi;p__Ascomycota;c__Pezizomycetes;o__Pezizales;f__Tuberaceae;g__Tuber;s__candidum,Tuberaceae,9,Symbiotroph,Ectomycorrhizal,Gasteroid,Hypogeous,Probable,"Common name - true truffle; Mycorrhizal with broadleaved trees, growing in the surface layer of soil and closely associated with roots. Highly specific pheromone-like chemicals are produced that play a role in dispersal by attracting mammals that uproot fruit bodies and ditribute spores (Cannon & Kirk 2007)","Cannon PF, Kirk PM. 2007. Fungal Families of the World. CAB International, Cambridge (ISBN: 978-0851998275)"
m2x_9_G,k__Fungi;p__Ascomycota;c__Pezizomycetes;o__Pezizales;f__Tuberaceae;g__Tuber;s__candidum,Tuberaceae,9,Symbiotroph,Ectomycorrhizal,Gasteroid,Hypogeous,Probable,"Common name - true truffle; Mycorrhizal with broadleaved trees, growing in the surface layer of soil and closely associated with roots. Highly specific pheromone-like chemicals are produced that play a role in dispersal by attracting mammals that uproot fruit bodies and ditribute spores (Cannon & Kirk 2007)","Cannon PF, Kirk PM. 2007. Fungal Families of the World. CAB International, Cambridge (ISBN: 978-0851998275)"
m2x_9_H,k__Fungi;p__Ascomycota;c__Pezizomycetes;o__Pezizales;f__Tuberaceae;g__Tuber;s__californicum,Tuberaceae,9,Symbiotroph,Ectomycorrhizal,Gasteroid,Hypogeous,Probable,"Common name - true truffle; Mycorrhizal with broadleaved trees, growing in the surface layer of soil and closely associated with roots. Highly specific pheromone-like chemicals are produced that play a role in dispersal by attracting mammals that uproot fruit bodies and ditribute spores (Cannon & Kirk 2007)","Cannon PF, Kirk PM. 2007. Fungal Families of the World. CAB International, Cambridge (ISBN: 978-0851998275)"
m3x_1_G,k__Fungi;p__Ascomycota;c__Pezizomycetes;o__Pezizales;f__Tuberaceae;g__Tuber;s__candidum,Tuberaceae,9,Symbiotroph,Ectomycorrhizal,Gasteroid,Hypogeous,Probable,"Common name - true truffle; Mycorrhizal with broadleaved trees, growing in the surface layer of soil and closely associated with roots. Highly specific pheromone-like chemicals are produced that play a role in dispersal by attracting mammals that uproot fruit bodies and ditribute spores (Cannon & Kirk 2007)","Cannon PF, Kirk PM. 2007. Fungal Families of the World. CAB International, Cambridge (ISBN: 978-0851998275)"
m3x_1_H,k__Fungi;p__Ascomycota;c__Pezizomycetes;o__Pezizales;f__Tuberaceae;g__Tuber;s__candidum,Tuberaceae,9,Symbiotroph,Ectomycorrhizal,Gasteroid,Hypogeous,Probable,"Common name - true truffle; Mycorrhizal with broadleaved trees, growing in the surface layer of soil and closely associated with roots. Highly specific pheromone-like chemicals are produced that play a role in dispersal by attracting mammals that uproot fruit bodies and ditribute spores (Cannon & Kirk 2007)","Cannon PF, Kirk PM. 2007. Fungal Families of the World. CAB International, Cambridge (ISBN: 978-0851998275)"
m3x_2_D,k__Fungi;p__Ascomycota;c__Eurotiomycetes;o__Eurotiales;f__Aspergillaceae;g__Penicillium;NA,Penicillium,13,Saprotroph,Dung Saprotroph-Undefined Saprotroph-Wood Saprotroph,Microfungus,Soft Rot,Highly Probable,NULL,"Duncan CG, Eslyn WE. 1966. Mycologia 58642-664; Seehann G, et al. 1975. List of Fungi in Soft-Rot Tissue Tests. Institute fur Holzbiologie und Holzschutz, Bundesforschungsanstalt fur Forst - und Holzwirtshaft, Hamburg - Lohbrugge, Germany; Costa IPMW, et al. 2012. Mycotaxon 119:e26 ((http://mycotaxon.com/resources/checklists/costa_v119_checklist.pdf)); Bills GF, et al. 2013. Current Opinion in Microbiology 16:549-565 ((https://doi.org/10.1016/j.mib.2013.08.001)); Tedersoo L, et al. 2014. Science 346:e1256688 ((https://doi.org/10.1126/science.1256688)); The American Phytopathological Society Common Names of Plant Diseases ((http://www.apsnet.org/publications/commonnames/Pages/default.aspx))"
m3x_3_B,k__Fungi;p__Ascomycota;c__Pezizomycetes;o__Pezizales;f__Pyronemataceae;g__Wilcoxina;s__rehmii,Wilcoxina,13,Symbiotroph,Ectomycorrhizal,Pezizoid,NULL,Highly Probable,NULL,"Rinaldi AC, et al. 2008. Fungal Diversity 33:1-45 ((http://www.fungaldiversity.org/fdp/sfdp/33-1.pdf)); Tedersoo L, et al. 2010. Mycorrhiza 20:217-263 ((https://doi.org/10.1007/s00572-009-0274-x)); http://mycorrhizas.info/ecmf.html ((http://mycorrhizas.info/ecmf.html))"
m4x_3_A,k__Fungi;p__Ascomycota;c__Pezizomycetes;o__Pezizales;f__Pyronemataceae;g__Pustularia;NA,Pyronemataceae,9,Saprotroph-Symbiotroph,Dung Saprotroph-Ectomycorrhizal-Soil Saprotroph-Wood Saprotroph,Gasteroid-Pezizoid,NULL,Possible,"Saprobic on soil, dung or rotten wood or mycorrhizal, some species hypogeous, others associated with fire sites (Cannon & Kirk 2007)","Cannon PF, Kirk PM. 2007. Fungal Families of the World. CAB International, Cambridge (ISBN: 978-0851998275)"
m4x_3_D,k__Fungi;p__Ascomycota;c__Eurotiomycetes;o__Eurotiales;f__Aspergillaceae;g__Penicillium;s__citreonigrum,Penicillium,13,Saprotroph,Dung Saprotroph-Undefined Saprotroph-Wood Saprotroph,Microfungus,Soft Rot,Highly Probable,NULL,"Duncan CG, Eslyn WE. 1966. Mycologia 58642-664; Seehann G, et al. 1975. List of Fungi in Soft-Rot Tissue Tests. Institute fur Holzbiologie und Holzschutz, Bundesforschungsanstalt fur Forst - und Holzwirtshaft, Hamburg - Lohbrugge, Germany; Costa IPMW, et al. 2012. Mycotaxon 119:e26 ((http://mycotaxon.com/resources/checklists/costa_v119_checklist.pdf)); Bills GF, et al. 2013. Current Opinion in Microbiology 16:549-565 ((https://doi.org/10.1016/j.mib.2013.08.001)); Tedersoo L, et al. 2014. Science 346:e1256688 ((https://doi.org/10.1126/science.1256688)); The American Phytopathological Society Common Names of Plant Diseases ((http://www.apsnet.org/publications/commonnames/Pages/default.aspx))"
m4x_3_E,k__Fungi;p__Ascomycota;c__Eurotiomycetes;o__Eurotiales;f__Aspergillaceae;g__Penicillium;s__citreonigrum,Penicillium,13,Saprotroph,Dung Saprotroph-Undefined Saprotroph-Wood Saprotroph,Microfungus,Soft Rot,Highly Probable,NULL,"Duncan CG, Eslyn WE. 1966. Mycologia 58642-664; Seehann G, et al. 1975. List of Fungi in Soft-Rot Tissue Tests. Institute fur Holzbiologie und Holzschutz, Bundesforschungsanstalt fur Forst - und Holzwirtshaft, Hamburg - Lohbrugge, Germany; Costa IPMW, et al. 2012. Mycotaxon 119:e26 ((http://mycotaxon.com/resources/checklists/costa_v119_checklist.pdf)); Bills GF, et al. 2013. Current Opinion in Microbiology 16:549-565 ((https://doi.org/10.1016/j.mib.2013.08.001)); Tedersoo L, et al. 2014. Science 346:e1256688 ((https://doi.org/10.1126/science.1256688)); The American Phytopathological Society Common Names of Plant Diseases ((http://www.apsnet.org/publications/commonnames/Pages/default.aspx))"
m4x_3_F,k__Fungi;p__Ascomycota;c__Pezizomycetes;o__Pezizales;f__Pyronemataceae;g__Wilcoxina;s__rehmii,Wilcoxina,13,Symbiotroph,Ectomycorrhizal,Pezizoid,NULL,Highly Probable,NULL,"Rinaldi AC, et al. 2008. Fungal Diversity 33:1-45 ((http://www.fungaldiversity.org/fdp/sfdp/33-1.pdf)); Tedersoo L, et al. 2010. Mycorrhiza 20:217-263 ((https://doi.org/10.1007/s00572-009-0274-x)); http://mycorrhizas.info/ecmf.html ((http://mycorrhizas.info/ecmf.html))"
m4x_3_G,k__Fungi;p__Ascomycota;c__Pezizomycetes;o__Pezizales;f__Pyronemataceae;g__Wilcoxina;s__rehmii,Wilcoxina,13,Symbiotroph,Ectomycorrhizal,Pezizoid,NULL,Highly Probable,NULL,"Rinaldi AC, et al. 2008. Fungal Diversity 33:1-45 ((http://www.fungaldiversity.org/fdp/sfdp/33-1.pdf)); Tedersoo L, et al. 2010. Mycorrhiza 20:217-263 ((https://doi.org/10.1007/s00572-009-0274-x)); http://mycorrhizas.info/ecmf.html ((http://mycorrhizas.info/ecmf.html))"
m4x_4_F,k__Fungi;p__Ascomycota;c__Pezizomycetes;o__Pezizales;f__Tuberaceae;g__Tuber;s__candidum,Tuberaceae,9,Symbiotroph,Ectomycorrhizal,Gasteroid,Hypogeous,Probable,"Common name - true truffle; Mycorrhizal with broadleaved trees, growing in the surface layer of soil and closely associated with roots. Highly specific pheromone-like chemicals are produced that play a role in dispersal by attracting mammals that uproot fruit bodies and ditribute spores (Cannon & Kirk 2007)","Cannon PF, Kirk PM. 2007. Fungal Families of the World. CAB International, Cambridge (ISBN: 978-0851998275)"
m4x_5_C,k__Fungi;p__Basidiomycota;c__Agaricomycetes;o__Boletales;f__Rhizopogonaceae;g__Rhizopogon;s__hawkerae,Rhizopogon,13,Symbiotroph,Ectomycorrhizal,Gasteroid,Hypogeous,Highly Probable,Common name - false truffle,"Rinaldi AC, et al. 2008. Fungal Diversity 33:1-45 ((http://www.fungaldiversity.org/fdp/sfdp/33-1.pdf)); Tedersoo L, et al. 2010. Mycorrhiza 20:217-263 ((https://doi.org/10.1007/s00572-009-0274-x)); http://mycorrhizas.info/ecmf.html ((http://mycorrhizas.info/ecmf.html))"
m4x_6_C,k__Fungi;p__Ascomycota;c__Sordariomycetes;o__Hypocreales;f__Hypocreaceae;g__Monocillium;s__tenue,Monocillium,13,Saprotroph,Undefined Saprotroph,NULL,NULL,Probable,NULL,"Tedersoo L, et al. 2014. Science 346:e1256688 ((https://doi.org/10.1126/science.1256688))"
m4x_6_D,k__Fungi;p__Ascomycota;c__Eurotiomycetes;o__Eurotiales;f__Aspergillaceae;g__Penicillium;s__decumbens,Penicillium,13,Saprotroph,Dung Saprotroph-Undefined Saprotroph-Wood Saprotroph,Microfungus,Soft Rot,Highly Probable,NULL,"Duncan CG, Eslyn WE. 1966. Mycologia 58642-664; Seehann G, et al. 1975. List of Fungi in Soft-Rot Tissue Tests. Institute fur Holzbiologie und Holzschutz, Bundesforschungsanstalt fur Forst - und Holzwirtshaft, Hamburg - Lohbrugge, Germany; Costa IPMW, et al. 2012. Mycotaxon 119:e26 ((http://mycotaxon.com/resources/checklists/costa_v119_checklist.pdf)); Bills GF, et al. 2013. Current Opinion in Microbiology 16:549-565 ((https://doi.org/10.1016/j.mib.2013.08.001)); Tedersoo L, et al. 2014. Science 346:e1256688 ((https://doi.org/10.1126/science.1256688)); The American Phytopathological Society Common Names of Plant Diseases ((http://www.apsnet.org/publications/commonnames/Pages/default.aspx))"
m4x_6_E,k__Fungi;p__Ascomycota;c__Pezizomycetes;o__Pezizales;f__Pyronemataceae;g__Pustularia;NA,Pyronemataceae,9,Saprotroph-Symbiotroph,Dung Saprotroph-Ectomycorrhizal-Soil Saprotroph-Wood Saprotroph,Gasteroid-Pezizoid,NULL,Possible,"Saprobic on soil, dung or rotten wood or mycorrhizal, some species hypogeous, others associated with fire sites (Cannon & Kirk 2007)","Cannon PF, Kirk PM. 2007. Fungal Families of the World. CAB International, Cambridge (ISBN: 978-0851998275)"
m4x_6_F,k__Fungi;p__Ascomycota;c__Pezizomycetes;o__Pezizales;f__Pyronemataceae;g__Pustularia;NA,Pyronemataceae,9,Saprotroph-Symbiotroph,Dung Saprotroph-Ectomycorrhizal-Soil Saprotroph-Wood Saprotroph,Gasteroid-Pezizoid,NULL,Possible,"Saprobic on soil, dung or rotten wood or mycorrhizal, some species hypogeous, others associated with fire sites (Cannon & Kirk 2007)","Cannon PF, Kirk PM. 2007. Fungal Families of the World. CAB International, Cambridge (ISBN: 978-0851998275)"
m4x_7_B,k__Fungi;p__Ascomycota;c__Pezizomycetes;o__Pezizales;f__Pyronemataceae;g__Pustularia;NA,Pyronemataceae,9,Saprotroph-Symbiotroph,Dung Saprotroph-Ectomycorrhizal-Soil Saprotroph-Wood Saprotroph,Gasteroid-Pezizoid,NULL,Possible,"Saprobic on soil, dung or rotten wood or mycorrhizal, some species hypogeous, others associated with fire sites (Cannon & Kirk 2007)","Cannon PF, Kirk PM. 2007. Fungal Families of the World. CAB International, Cambridge (ISBN: 978-0851998275)"
m4x_7_D,k__Fungi;p__Ascomycota;c__Sordariomycetes;o__Hypocreales;f__Hypocreales_fam_Incertae_sedis;g__Acremonium;s__alternatum,Acremonium,13,Pathotroph-Saprotroph-Symbiotroph,Animal Pathogen-Endophyte-Fungal Parasite-Plant Pathogen-Wood Saprotroph,Microfungus,Soft Rot,Possible,"Endophyte detection method-culture (Hanada et al. 2010, Del Olmo-Ruiz & Arnold 2014); Likely opportunistic human pathogen (Irinyi et al. 2015)","Duncan CG, Eslyn WE. 1966. Mycologia 58:642-645 ((https://doi.org/10.2307/3757045)); Nilsson T. 1973. Studia Forestalia Suecica 104:1-40 ((https://pub.epsilon.slu.se/5711/)); Worrall JJ, et al. 1997. Mycologia 89:199-219 ((https://doi.org/10.2307/3761073)); Hanada RE, et al. 2010. Fungal Biology 114:901-910 ((https://doi.org/10.1016/j.funbio.2010.08.006)); Del Olmo-Ruiz M, Arnold AE. 2014. Mycologia 106:8-21 ((https://doi.org/10.3852/13-098)); Tedersoo L, et al. 2014. Science 346:e1256688 ((https://doi.org/10.1126/science.1256688)); Irinyi L, et al. 2015. Medical Mycology 53313-337 ((https://doi.org/10.1093/mmy/myv008))"
m4x_7_F,k__Fungi;p__Ascomycota;c__Eurotiomycetes;o__Eurotiales;f__Aspergillaceae;g__Penicillium;s__roseopurpureum,Penicillium,13,Saprotroph,Dung Saprotroph-Undefined Saprotroph-Wood Saprotroph,Microfungus,Soft Rot,Highly Probable,NULL,"Duncan CG, Eslyn WE. 1966. Mycologia 58642-664; Seehann G, et al. 1975. List of Fungi in Soft-Rot Tissue Tests. Institute fur Holzbiologie und Holzschutz, Bundesforschungsanstalt fur Forst - und Holzwirtshaft, Hamburg - Lohbrugge, Germany; Costa IPMW, et al. 2012. Mycotaxon 119:e26 ((http://mycotaxon.com/resources/checklists/costa_v119_checklist.pdf)); Bills GF, et al. 2013. Current Opinion in Microbiology 16:549-565 ((https://doi.org/10.1016/j.mib.2013.08.001)); Tedersoo L, et al. 2014. Science 346:e1256688 ((https://doi.org/10.1126/science.1256688)); The American Phytopathological Society Common Names of Plant Diseases ((http://www.apsnet.org/publications/commonnames/Pages/default.aspx))"
m5x_1_C,k__Fungi;p__Ascomycota;c__Pezizomycetes;o__Pezizales;f__Pyronemataceae;g__Pustularia;NA,Pyronemataceae,9,Saprotroph-Symbiotroph,Dung Saprotroph-Ectomycorrhizal-Soil Saprotroph-Wood Saprotroph,Gasteroid-Pezizoid,NULL,Possible,"Saprobic on soil, dung or rotten wood or mycorrhizal, some species hypogeous, others associated with fire sites (Cannon & Kirk 2007)","Cannon PF, Kirk PM. 2007. Fungal Families of the World. CAB International, Cambridge (ISBN: 978-0851998275)"
m5x_2_C,k__Fungi;p__Basidiomycota;c__Agaricomycetes;o__Boletales;f__Rhizopogonaceae;g__Rhizopogon;s__hawkerae,Rhizopogon,13,Symbiotroph,Ectomycorrhizal,Gasteroid,Hypogeous,Highly Probable,Common name - false truffle,"Rinaldi AC, et al. 2008. Fungal Diversity 33:1-45 ((http://www.fungaldiversity.org/fdp/sfdp/33-1.pdf)); Tedersoo L, et al. 2010. Mycorrhiza 20:217-263 ((https://doi.org/10.1007/s00572-009-0274-x)); http://mycorrhizas.info/ecmf.html ((http://mycorrhizas.info/ecmf.html))"
m5x_2_E,k__Fungi;p__Ascomycota;c__Pezizomycetes;o__Pezizales;f__Pyronemataceae;g__Pustularia;NA,Pyronemataceae,9,Saprotroph-Symbiotroph,Dung Saprotroph-Ectomycorrhizal-Soil Saprotroph-Wood Saprotroph,Gasteroid-Pezizoid,NULL,Possible,"Saprobic on soil, dung or rotten wood or mycorrhizal, some species hypogeous, others associated with fire sites (Cannon & Kirk 2007)","Cannon PF, Kirk PM. 2007. Fungal Families of the World. CAB International, Cambridge (ISBN: 978-0851998275)"
m5x_2_F,k__Fungi;p__Basidiomycota;c__Agaricomycetes;o__Boletales;f__Rhizopogonaceae;g__Rhizopogon;s__hawkerae,Rhizopogon,13,Symbiotroph,Ectomycorrhizal,Gasteroid,Hypogeous,Highly Probable,Common name - false truffle,"Rinaldi AC, et al. 2008. Fungal Diversity 33:1-45 ((http://www.fungaldiversity.org/fdp/sfdp/33-1.pdf)); Tedersoo L, et al. 2010. Mycorrhiza 20:217-263 ((https://doi.org/10.1007/s00572-009-0274-x)); http://mycorrhizas.info/ecmf.html ((http://mycorrhizas.info/ecmf.html))"
m5x_2_G,k__Fungi;p__Ascomycota;c__Pezizomycetes;o__Pezizales;f__Pyronemataceae;g__Pustularia;NA,Pyronemataceae,9,Saprotroph-Symbiotroph,Dung Saprotroph-Ectomycorrhizal-Soil Saprotroph-Wood Saprotroph,Gasteroid-Pezizoid,NULL,Possible,"Saprobic on soil, dung or rotten wood or mycorrhizal, some species hypogeous, others associated with fire sites (Cannon & Kirk 2007)","Cannon PF, Kirk PM. 2007. Fungal Families of the World. CAB International, Cambridge (ISBN: 978-0851998275)"
m5x_2_H,k__Fungi;p__Ascomycota;c__Pezizomycetes;o__Pezizales;f__Pyronemataceae;g__Pustularia;NA,Pyronemataceae,9,Saprotroph-Symbiotroph,Dung Saprotroph-Ectomycorrhizal-Soil Saprotroph-Wood Saprotroph,Gasteroid-Pezizoid,NULL,Possible,"Saprobic on soil, dung or rotten wood or mycorrhizal, some species hypogeous, others associated with fire sites (Cannon & Kirk 2007)","Cannon PF, Kirk PM. 2007. Fungal Families of the World. CAB International, Cambridge (ISBN: 978-0851998275)"
m5x_3_A,k__Fungi;p__Ascomycota;c__Pezizomycetes;o__Pezizales;f__Pyronemataceae;g__Pustularia;NA,Pyronemataceae,9,Saprotroph-Symbiotroph,Dung Saprotroph-Ectomycorrhizal-Soil Saprotroph-Wood Saprotroph,Gasteroid-Pezizoid,NULL,Possible,"Saprobic on soil, dung or rotten wood or mycorrhizal, some species hypogeous, others associated with fire sites (Cannon & Kirk 2007)","Cannon PF, Kirk PM. 2007. Fungal Families of the World. CAB International, Cambridge (ISBN: 978-0851998275)"
m5x_3_C,k__Fungi;p__Basidiomycota;c__Agaricomycetes;o__Boletales;f__Rhizopogonaceae;g__Rhizopogon;s__hawkerae,Rhizopogon,13,Symbiotroph,Ectomycorrhizal,Gasteroid,Hypogeous,Highly Probable,Common name - false truffle,"Rinaldi AC, et al. 2008. Fungal Diversity 33:1-45 ((http://www.fungaldiversity.org/fdp/sfdp/33-1.pdf)); Tedersoo L, et al. 2010. Mycorrhiza 20:217-263 ((https://doi.org/10.1007/s00572-009-0274-x)); http://mycorrhizas.info/ecmf.html ((http://mycorrhizas.info/ecmf.html))"
m5x_3_E,k__Fungi;p__Basidiomycota;c__Agaricomycetes;o__Boletales;f__Rhizopogonaceae;g__Rhizopogon;s__hawkerae,Rhizopogon,13,Symbiotroph,Ectomycorrhizal,Gasteroid,Hypogeous,Highly Probable,Common name - false truffle,"Rinaldi AC, et al. 2008. Fungal Diversity 33:1-45 ((http://www.fungaldiversity.org/fdp/sfdp/33-1.pdf)); Tedersoo L, et al. 2010. Mycorrhiza 20:217-263 ((https://doi.org/10.1007/s00572-009-0274-x)); http://mycorrhizas.info/ecmf.html ((http://mycorrhizas.info/ecmf.html))"
m5x_3_G,k__Fungi;p__Ascomycota;c__Pezizomycetes;o__Pezizales;f__Pyronemataceae;g__Pustularia;NA,Pyronemataceae,9,Saprotroph-Symbiotroph,Dung Saprotroph-Ectomycorrhizal-Soil Saprotroph-Wood Saprotroph,Gasteroid-Pezizoid,NULL,Possible,"Saprobic on soil, dung or rotten wood or mycorrhizal, some species hypogeous, others associated with fire sites (Cannon & Kirk 2007)","Cannon PF, Kirk PM. 2007. Fungal Families of the World. CAB International, Cambridge (ISBN: 978-0851998275)"
m5x_3_H,k__Fungi;p__Ascomycota;c__Pezizomycetes;o__Pezizales;f__Pyronemataceae;g__Pustularia;NA,Pyronemataceae,9,Saprotroph-Symbiotroph,Dung Saprotroph-Ectomycorrhizal-Soil Saprotroph-Wood Saprotroph,Gasteroid-Pezizoid,NULL,Possible,"Saprobic on soil, dung or rotten wood or mycorrhizal, some species hypogeous, others associated with fire sites (Cannon & Kirk 2007)","Cannon PF, Kirk PM. 2007. Fungal Families of the World. CAB International, Cambridge (ISBN: 978-0851998275)"
m5x_4_B,k__Fungi;p__Ascomycota;c__Pezizomycetes;o__Pezizales;f__Pyronemataceae;g__Pustularia;NA,Pyronemataceae,9,Saprotroph-Symbiotroph,Dung Saprotroph-Ectomycorrhizal-Soil Saprotroph-Wood Saprotroph,Gasteroid-Pezizoid,NULL,Possible,"Saprobic on soil, dung or rotten wood or mycorrhizal, some species hypogeous, others associated with fire sites (Cannon & Kirk 2007)","Cannon PF, Kirk PM. 2007. Fungal Families of the World. CAB International, Cambridge (ISBN: 978-0851998275)"
m5x_4_C,k__Fungi;p__Ascomycota;c__Pezizomycetes;o__Pezizales;f__Pyronemataceae;g__Pustularia;NA,Pyronemataceae,9,Saprotroph-Symbiotroph,Dung Saprotroph-Ectomycorrhizal-Soil Saprotroph-Wood Saprotroph,Gasteroid-Pezizoid,NULL,Possible,"Saprobic on soil, dung or rotten wood or mycorrhizal, some species hypogeous, others associated with fire sites (Cannon & Kirk 2007)","Cannon PF, Kirk PM. 2007. Fungal Families of the World. CAB International, Cambridge (ISBN: 978-0851998275)"
m5x_4_D,k__Fungi;p__Basidiomycota;c__Agaricomycetes;o__Boletales;f__Rhizopogonaceae;g__Rhizopogon;s__hawkerae,Rhizopogon,13,Symbiotroph,Ectomycorrhizal,Gasteroid,Hypogeous,Highly Probable,Common name - false truffle,"Rinaldi AC, et al. 2008. Fungal Diversity 33:1-45 ((http://www.fungaldiversity.org/fdp/sfdp/33-1.pdf)); Tedersoo L, et al. 2010. Mycorrhiza 20:217-263 ((https://doi.org/10.1007/s00572-009-0274-x)); http://mycorrhizas.info/ecmf.html ((http://mycorrhizas.info/ecmf.html))"
m5x_4_F,k__Fungi;p__Ascomycota;c__Pezizomycetes;o__Pezizales;f__Pyronemataceae;g__Pustularia;NA,Pyronemataceae,9,Saprotroph-Symbiotroph,Dung Saprotroph-Ectomycorrhizal-Soil Saprotroph-Wood Saprotroph,Gasteroid-Pezizoid,NULL,Possible,"Saprobic on soil, dung or rotten wood or mycorrhizal, some species hypogeous, others associated with fire sites (Cannon & Kirk 2007)","Cannon PF, Kirk PM. 2007. Fungal Families of the World. CAB International, Cambridge (ISBN: 978-0851998275)"
m5x_4_G,k__Fungi;p__Ascomycota;c__Pezizomycetes;o__Pezizales;f__Pyronemataceae;g__Pustularia;NA,Pyronemataceae,9,Saprotroph-Symbiotroph,Dung Saprotroph-Ectomycorrhizal-Soil Saprotroph-Wood Saprotroph,Gasteroid-Pezizoid,NULL,Possible,"Saprobic on soil, dung or rotten wood or mycorrhizal, some species hypogeous, others associated with fire sites (Cannon & Kirk 2007)","Cannon PF, Kirk PM. 2007. Fungal Families of the World. CAB International, Cambridge (ISBN: 978-0851998275)"
m5x_5_A,k__Fungi;p__Ascomycota;c__Pezizomycetes;o__Pezizales;f__Tuberaceae;g__Tuber;s__candidum,Tuberaceae,9,Symbiotroph,Ectomycorrhizal,Gasteroid,Hypogeous,Probable,"Common name - true truffle; Mycorrhizal with broadleaved trees, growing in the surface layer of soil and closely associated with roots. Highly specific pheromone-like chemicals are produced that play a role in dispersal by attracting mammals that uproot fruit bodies and ditribute spores (Cannon & Kirk 2007)","Cannon PF, Kirk PM. 2007. Fungal Families of the World. CAB International, Cambridge (ISBN: 978-0851998275)"
m5x_5_G,k__Fungi;p__Ascomycota;c__Eurotiomycetes;o__Eurotiales;f__Aspergillaceae;g__Penicillium;NA,Penicillium,13,Saprotroph,Dung Saprotroph-Undefined Saprotroph-Wood Saprotroph,Microfungus,Soft Rot,Highly Probable,NULL,"Duncan CG, Eslyn WE. 1966. Mycologia 58642-664; Seehann G, et al. 1975. List of Fungi in Soft-Rot Tissue Tests. Institute fur Holzbiologie und Holzschutz, Bundesforschungsanstalt fur Forst - und Holzwirtshaft, Hamburg - Lohbrugge, Germany; Costa IPMW, et al. 2012. Mycotaxon 119:e26 ((http://mycotaxon.com/resources/checklists/costa_v119_checklist.pdf)); Bills GF, et al. 2013. Current Opinion in Microbiology 16:549-565 ((https://doi.org/10.1016/j.mib.2013.08.001)); Tedersoo L, et al. 2014. Science 346:e1256688 ((https://doi.org/10.1126/science.1256688)); The American Phytopathological Society Common Names of Plant Diseases ((http://www.apsnet.org/publications/commonnames/Pages/default.aspx))"
m5x_5_H,k__Fungi;p__Ascomycota;c__Pezizomycetes;o__Pezizales;f__Tuberaceae;g__Tuber;NA,Tuberaceae,9,Symbiotroph,Ectomycorrhizal,Gasteroid,Hypogeous,Probable,"Common name - true truffle; Mycorrhizal with broadleaved trees, growing in the surface layer of soil and closely associated with roots. Highly specific pheromone-like chemicals are produced that play a role in dispersal by attracting mammals that uproot fruit bodies and ditribute spores (Cannon & Kirk 2007)","Cannon PF, Kirk PM. 2007. Fungal Families of the World. CAB International, Cambridge (ISBN: 978-0851998275)"
m5x_6_A,k__Fungi;p__Ascomycota;c__Pezizomycetes;o__Pezizales;f__Pyronemataceae;g__Pustularia;NA,Pyronemataceae,9,Saprotroph-Symbiotroph,Dung Saprotroph-Ectomycorrhizal-Soil Saprotroph-Wood Saprotroph,Gasteroid-Pezizoid,NULL,Possible,"Saprobic on soil, dung or rotten wood or mycorrhizal, some species hypogeous, others associated with fire sites (Cannon & Kirk 2007)","Cannon PF, Kirk PM. 2007. Fungal Families of the World. CAB International, Cambridge (ISBN: 978-0851998275)"
m5x_6_D,k__Fungi;p__Basidiomycota;c__Agaricomycetes;o__Boletales;f__Rhizopogonaceae;g__Rhizopogon;s__hawkerae,Rhizopogon,13,Symbiotroph,Ectomycorrhizal,Gasteroid,Hypogeous,Highly Probable,Common name - false truffle,"Rinaldi AC, et al. 2008. Fungal Diversity 33:1-45 ((http://www.fungaldiversity.org/fdp/sfdp/33-1.pdf)); Tedersoo L, et al. 2010. Mycorrhiza 20:217-263 ((https://doi.org/10.1007/s00572-009-0274-x)); http://mycorrhizas.info/ecmf.html ((http://mycorrhizas.info/ecmf.html))"
m5x_6_E,k__Fungi;p__Ascomycota;c__Pezizomycetes;o__Pezizales;f__Pyronemataceae;g__Pustularia;NA,Pyronemataceae,9,Saprotroph-Symbiotroph,Dung Saprotroph-Ectomycorrhizal-Soil Saprotroph-Wood Saprotroph,Gasteroid-Pezizoid,NULL,Possible,"Saprobic on soil, dung or rotten wood or mycorrhizal, some species hypogeous, others associated with fire sites (Cannon & Kirk 2007)","Cannon PF, Kirk PM. 2007. Fungal Families of the World. CAB International, Cambridge (ISBN: 978-0851998275)"
m5x_6_F,k__Fungi;p__Ascomycota;c__Pezizomycetes;o__Pezizales;f__Pyronemataceae;g__Pustularia;NA,Pyronemataceae,9,Saprotroph-Symbiotroph,Dung Saprotroph-Ectomycorrhizal-Soil Saprotroph-Wood Saprotroph,Gasteroid-Pezizoid,NULL,Possible,"Saprobic on soil, dung or rotten wood or mycorrhizal, some species hypogeous, others associated with fire sites (Cannon & Kirk 2007)","Cannon PF, Kirk PM. 2007. Fungal Families of the World. CAB International, Cambridge (ISBN: 978-0851998275)"
m5x_6_G,k__Fungi;p__Ascomycota;c__Pezizomycetes;o__Pezizales;f__Pyronemataceae;g__Pustularia;NA,Pyronemataceae,9,Saprotroph-Symbiotroph,Dung Saprotroph-Ectomycorrhizal-Soil Saprotroph-Wood Saprotroph,Gasteroid-Pezizoid,NULL,Possible,"Saprobic on soil, dung or rotten wood or mycorrhizal, some species hypogeous, others associated with fire sites (Cannon & Kirk 2007)","Cannon PF, Kirk PM. 2007. Fungal Families of the World. CAB International, Cambridge (ISBN: 978-0851998275)"
m5x_6_H,k__Fungi;p__Ascomycota;c__Pezizomycetes;o__Pezizales;f__Pyronemataceae;g__Pustularia;NA,Pyronemataceae,9,Saprotroph-Symbiotroph,Dung Saprotroph-Ectomycorrhizal-Soil Saprotroph-Wood Saprotroph,Gasteroid-Pezizoid,NULL,Possible,"Saprobic on soil, dung or rotten wood or mycorrhizal, some species hypogeous, others associated with fire sites (Cannon & Kirk 2007)","Cannon PF, Kirk PM. 2007. Fungal Families of the World. CAB International, Cambridge (ISBN: 978-0851998275)"
m5x_7_A,k__Fungi;p__Ascomycota;c__Pezizomycetes;o__Pezizales;f__Tuberaceae;g__Tuber;NA,Tuberaceae,9,Symbiotroph,Ectomycorrhizal,Gasteroid,Hypogeous,Probable,"Common name - true truffle; Mycorrhizal with broadleaved trees, growing in the surface layer of soil and closely associated with roots. Highly specific pheromone-like chemicals are produced that play a role in dispersal by attracting mammals that uproot fruit bodies and ditribute spores (Cannon & Kirk 2007)","Cannon PF, Kirk PM. 2007. Fungal Families of the World. CAB International, Cambridge (ISBN: 978-0851998275)"
m5x_7_B,k__Fungi;p__Basidiomycota;c__Agaricomycetes;o__Boletales;f__Rhizopogonaceae;g__Rhizopogon;s__hawkerae,Rhizopogon,13,Symbiotroph,Ectomycorrhizal,Gasteroid,Hypogeous,Highly Probable,Common name - false truffle,"Rinaldi AC, et al. 2008. Fungal Diversity 33:1-45 ((http://www.fungaldiversity.org/fdp/sfdp/33-1.pdf)); Tedersoo L, et al. 2010. Mycorrhiza 20:217-263 ((https://doi.org/10.1007/s00572-009-0274-x)); http://mycorrhizas.info/ecmf.html ((http://mycorrhizas.info/ecmf.html))"
m5x_7_C,k__Fungi;p__Basidiomycota;c__Agaricomycetes;o__Boletales;f__Rhizopogonaceae;g__Rhizopogon;s__hawkerae,Rhizopogon,13,Symbiotroph,Ectomycorrhizal,Gasteroid,Hypogeous,Highly Probable,Common name - false truffle,"Rinaldi AC, et al. 2008. Fungal Diversity 33:1-45 ((http://www.fungaldiversity.org/fdp/sfdp/33-1.pdf)); Tedersoo L, et al. 2010. Mycorrhiza 20:217-263 ((https://doi.org/10.1007/s00572-009-0274-x)); http://mycorrhizas.info/ecmf.html ((http://mycorrhizas.info/ecmf.html))"
m5x_7_D,k__Fungi;p__Basidiomycota;c__Agaricomycetes;o__Boletales;f__Rhizopogonaceae;g__Rhizopogon;s__hawkerae,Rhizopogon,13,Symbiotroph,Ectomycorrhizal,Gasteroid,Hypogeous,Highly Probable,Common name - false truffle,"Rinaldi AC, et al. 2008. Fungal Diversity 33:1-45 ((http://www.fungaldiversity.org/fdp/sfdp/33-1.pdf)); Tedersoo L, et al. 2010. Mycorrhiza 20:217-263 ((https://doi.org/10.1007/s00572-009-0274-x)); http://mycorrhizas.info/ecmf.html ((http://mycorrhizas.info/ecmf.html))"
m5x_7_H,k__Fungi;p__Ascomycota;c__Pezizomycetes;o__Pezizales;f__Pyronemataceae;g__Lasiobolidium;s__spirale,Lasiobolidium,13,Saprotroph,Dung Saprotroph-Undefined Saprotroph,NULL,NULL,Highly Probable,NULL,"Bills GF, et al. 2013. Current Opinion in Microbiology 16:549-565 ((https://doi.org/10.1016/j.mib.2013.08.001)); Tedersoo L, et al. 2014. Science 346:e1256688 ((https://doi.org/10.1126/science.1256688))"
m5x_8_D,k__Fungi;p__Ascomycota;c__Pezizomycetes;o__Pezizales;f__Pyronemataceae;g__Pustularia;NA,Pyronemataceae,9,Saprotroph-Symbiotroph,Dung Saprotroph-Ectomycorrhizal-Soil Saprotroph-Wood Saprotroph,Gasteroid-Pezizoid,NULL,Possible,"Saprobic on soil, dung or rotten wood or mycorrhizal, some species hypogeous, others associated with fire sites (Cannon & Kirk 2007)","Cannon PF, Kirk PM. 2007. Fungal Families of the World. CAB International, Cambridge (ISBN: 978-0851998275)"
m5x_8_E,k__Fungi;p__Ascomycota;c__Pezizomycetes;o__Pezizales;f__Pyronemataceae;g__Pustularia;NA,Pyronemataceae,9,Saprotroph-Symbiotroph,Dung Saprotroph-Ectomycorrhizal-Soil Saprotroph-Wood Saprotroph,Gasteroid-Pezizoid,NULL,Possible,"Saprobic on soil, dung or rotten wood or mycorrhizal, some species hypogeous, others associated with fire sites (Cannon & Kirk 2007)","Cannon PF, Kirk PM. 2007. Fungal Families of the World. CAB International, Cambridge (ISBN: 978-0851998275)"
m5x_9_A,k__Fungi;p__Ascomycota;c__Pezizomycetes;o__Pezizales;f__Tuberaceae;g__Tuber;s__candidum,Tuberaceae,9,Symbiotroph,Ectomycorrhizal,Gasteroid,Hypogeous,Probable,"Common name - true truffle; Mycorrhizal with broadleaved trees, growing in the surface layer of soil and closely associated with roots. Highly specific pheromone-like chemicals are produced that play a role in dispersal by attracting mammals that uproot fruit bodies and ditribute spores (Cannon & Kirk 2007)","Cannon PF, Kirk PM. 2007. Fungal Families of the World. CAB International, Cambridge (ISBN: 978-0851998275)"
m5x_9_B,k__Fungi;p__Ascomycota;c__Pezizomycetes;o__Pezizales;f__Tuberaceae;g__Tuber;s__californicum,Tuberaceae,9,Symbiotroph,Ectomycorrhizal,Gasteroid,Hypogeous,Probable,"Common name - true truffle; Mycorrhizal with broadleaved trees, growing in the surface layer of soil and closely associated with roots. Highly specific pheromone-like chemicals are produced that play a role in dispersal by attracting mammals that uproot fruit bodies and ditribute spores (Cannon & Kirk 2007)","Cannon PF, Kirk PM. 2007. Fungal Families of the World. CAB International, Cambridge (ISBN: 978-0851998275)"
m5x_9_C,k__Fungi;p__Ascomycota;c__Pezizomycetes;o__Pezizales;f__Tuberaceae;g__Tuber;s__quercicola,Tuberaceae,9,Symbiotroph,Ectomycorrhizal,Gasteroid,Hypogeous,Probable,"Common name - true truffle; Mycorrhizal with broadleaved trees, growing in the surface layer of soil and closely associated with roots. Highly specific pheromone-like chemicals are produced that play a role in dispersal by attracting mammals that uproot fruit bodies and ditribute spores (Cannon & Kirk 2007)","Cannon PF, Kirk PM. 2007. Fungal Families of the World. CAB International, Cambridge (ISBN: 978-0851998275)"
m2x_9_D,k__Fungi;p__Ascomycota;c__Sordariomycetes;o__Hypocreales;NA;NA;NA,-,-,-,-,-,-,-,Unassigned,-
m5x_8_H,k__Fungi;p__Ascomycota;c__Dothideomycetes;NA;NA;NA;NA,-,-,-,-,-,-,-,Unassigned,-