newfile,taxonomy,Taxon,Taxon Level,Trophic Mode,Guild,Growth Morphology,Trait,Confidence Ranking,Notes,Citation/Source
3053d_QC.scf,k__Fungi;p__Ascomycota;c__Dothideomycetes;o__Dothideales;f__Dothideales_fam_Incertae_sedis;g__Hortaea;s__thailandica,Hortaea,13,Pathotroph,Plant Pathogen,NULL,NULL,Probable,NULL,"Tedersoo L, et al. 2014. Science 346:e1256688 ((https://doi.org/10.1126/science.1256688))"
3070a_QC.scf,k__Fungi;p__Basidiomycota;c__Agaricomycetes;o__Agaricales;f__Hymenogastraceae;g__Hebeloma;s__crustuliniforme,Hebeloma,13,Symbiotroph,Ectomycorrhizal,Agaricoid,NULL,Highly Probable,NULL,"Rinaldi AC, et al. 2008. Fungal Diversity 33:1-45 ((http://www.fungaldiversity.org/fdp/sfdp/33-1.pdf)); Tedersoo L, et al. 2010. Mycorrhiza 20:217-263 ((https://doi.org/10.1007/s00572-009-0274-x)); http://mycorrhizas.info/ecmf.html ((http://mycorrhizas.info/ecmf.html))"
3070b_QC.scf,k__Fungi;p__Basidiomycota;c__Agaricomycetes;o__Agaricales;f__Hymenogastraceae;g__Hebeloma;s__crustuliniforme,Hebeloma,13,Symbiotroph,Ectomycorrhizal,Agaricoid,NULL,Highly Probable,NULL,"Rinaldi AC, et al. 2008. Fungal Diversity 33:1-45 ((http://www.fungaldiversity.org/fdp/sfdp/33-1.pdf)); Tedersoo L, et al. 2010. Mycorrhiza 20:217-263 ((https://doi.org/10.1007/s00572-009-0274-x)); http://mycorrhizas.info/ecmf.html ((http://mycorrhizas.info/ecmf.html))"
3098d_QC.scf,k__Fungi;p__Ascomycota;c__Leotiomycetes;o__Helotiales;f__Helotiales_fam_Incertae_sedis;g__Cadophora;s__luteo-olivacea,Cadophora,13,Symbiotroph,Endophyte,Microfungus,NULL,Highly Probable,"Dark Septate Endophyte, known from plant roots.","Tedersoo L, et al. 2010. Mycorrhiza 20:217-263 ((https://doi.org/10.1007/s00572-009-0274-x)); Newsham KK. 2011. New Phytologist 190:783-793 ((https://doi.org/10.1111/j.1469-8137.2010.03611.x)) (as DSE)"
3098h_QC.scf,k__Fungi;p__Ascomycota;c__Leotiomycetes;o__Helotiales;f__Helotiales_fam_Incertae_sedis;g__Cadophora;s__gregata,Cadophora,13,Symbiotroph,Endophyte,Microfungus,NULL,Highly Probable,"Dark Septate Endophyte, known from plant roots.","Tedersoo L, et al. 2010. Mycorrhiza 20:217-263 ((https://doi.org/10.1007/s00572-009-0274-x)); Newsham KK. 2011. New Phytologist 190:783-793 ((https://doi.org/10.1111/j.1469-8137.2010.03611.x)) (as DSE)"
3206f_QC.scf,k__Fungi;p__Ascomycota;c__Sordariomycetes;o__Hypocreales;f__Hypocreales_fam_Incertae_sedis;g__Acremonium;s__furcatum,Acremonium,13,Pathotroph-Saprotroph-Symbiotroph,Animal Pathogen-Endophyte-Fungal Parasite-Plant Pathogen-Wood Saprotroph,Microfungus,Soft Rot,Possible,"Endophyte detection method-culture (Hanada et al. 2010, Del Olmo-Ruiz & Arnold 2014); Likely opportunistic human pathogen (Irinyi et al. 2015)","Duncan CG, Eslyn WE. 1966. Mycologia 58:642-645 ((https://doi.org/10.2307/3757045)); Nilsson T. 1973. Studia Forestalia Suecica 104:1-40 ((https://pub.epsilon.slu.se/5711/)); Worrall JJ, et al. 1997. Mycologia 89:199-219 ((https://doi.org/10.2307/3761073)); Hanada RE, et al. 2010. Fungal Biology 114:901-910 ((https://doi.org/10.1016/j.funbio.2010.08.006)); Del Olmo-Ruiz M, Arnold AE. 2014. Mycologia 106:8-21 ((https://doi.org/10.3852/13-098)); Tedersoo L, et al. 2014. Science 346:e1256688 ((https://doi.org/10.1126/science.1256688)); Irinyi L, et al. 2015. Medical Mycology 53313-337 ((https://doi.org/10.1093/mmy/myv008))"
3221a_QC.scf,k__Fungi;p__Ascomycota;c__Sordariomycetes;o__Hypocreales;f__Nectriaceae;g__Ilyonectria;s__lusitanica,Ilyonectria,13,Pathotroph,Plant Pathogen,NULL,NULL,Probable,NULL,"Tedersoo L, et al. 2014. Science 346:e1256688 ((https://doi.org/10.1126/science.1256688))"
3221c_QC.scf,k__Fungi;p__Ascomycota;c__Sordariomycetes;o__Hypocreales;f__Nectriaceae;g__Ilyonectria;s__lusitanica,Ilyonectria,13,Pathotroph,Plant Pathogen,NULL,NULL,Probable,NULL,"Tedersoo L, et al. 2014. Science 346:e1256688 ((https://doi.org/10.1126/science.1256688))"
3221f_QC.scf,k__Fungi;p__Ascomycota;c__Sordariomycetes;o__Hypocreales;f__Nectriaceae;g__Ilyonectria;s__lusitanica,Ilyonectria,13,Pathotroph,Plant Pathogen,NULL,NULL,Probable,NULL,"Tedersoo L, et al. 2014. Science 346:e1256688 ((https://doi.org/10.1126/science.1256688))"
3221g_QC.scf,k__Fungi;p__Ascomycota;c__Sordariomycetes;o__Hypocreales;f__Nectriaceae;g__Ilyonectria;s__lusitanica,Ilyonectria,13,Pathotroph,Plant Pathogen,NULL,NULL,Probable,NULL,"Tedersoo L, et al. 2014. Science 346:e1256688 ((https://doi.org/10.1126/science.1256688))"
3322c_PC.scf,k__Fungi;p__Basidiomycota;c__Agaricomycetes;o__Sebacinales;f__Serendipitaceae;g__Serendipita;NA,Serendipita,13,Symbiotroph,Orchid Mycorrhizal,NULL,NULL,Highly Probable,NULL,"Tedersoo L, et al. 2010. Mycorrhiza 20:217-263 ((https://doi.org/10.1007/s00572-009-0274-x)) (pro parte); Wei√ü M, et al. 2016. New Phytologist 211:20-40 ((https://doi.org/10.1111/nph.13977))"
3492b_QQ.scf,k__Fungi;p__Ascomycota;c__Pezizomycetes;o__Pezizales;f__Pyronemataceae;g__Pustularia;NA,Pyronemataceae,9,Saprotroph-Symbiotroph,Dung Saprotroph-Ectomycorrhizal-Soil Saprotroph-Wood Saprotroph,Gasteroid-Pezizoid,NULL,Possible,"Saprobic on soil, dung or rotten wood or mycorrhizal, some species hypogeous, others associated with fire sites (Cannon & Kirk 2007)","Cannon PF, Kirk PM. 2007. Fungal Families of the World. CAB International, Cambridge (ISBN: 978-0851998275)"
3548f_QQ.scf,k__Fungi;p__Ascomycota;c__Dothideomycetes;o__Dothideales;f__Dothideales_fam_Incertae_sedis;g__Hortaea;s__thailandica,Hortaea,13,Pathotroph,Plant Pathogen,NULL,NULL,Probable,NULL,"Tedersoo L, et al. 2014. Science 346:e1256688 ((https://doi.org/10.1126/science.1256688))"
3579a_QQ.scf,k__Fungi;p__Ascomycota;c__Pezizomycetes;o__Pezizales;f__Pyronemataceae;g__Pustularia;NA,Pyronemataceae,9,Saprotroph-Symbiotroph,Dung Saprotroph-Ectomycorrhizal-Soil Saprotroph-Wood Saprotroph,Gasteroid-Pezizoid,NULL,Possible,"Saprobic on soil, dung or rotten wood or mycorrhizal, some species hypogeous, others associated with fire sites (Cannon & Kirk 2007)","Cannon PF, Kirk PM. 2007. Fungal Families of the World. CAB International, Cambridge (ISBN: 978-0851998275)"
3579g_QQ.scf,k__Fungi;p__Basidiomycota;c__Agaricomycetes;o__Agaricomycetes_ord_Incertae_sedis;f__Agaricomycetes_fam_Incertae_sedis;g__Xenasmatella;NA,Xenasmatella,13,Saprotroph,Undefined Saprotroph,NULL,White Rot,Probable,NULL,"Tedersoo L, et al. 2014. Science 346:e1256688 ((https://doi.org/10.1126/science.1256688))"
3608d_QQ.scf,k__Fungi;p__Ascomycota;c__Pezizomycetes;o__Pezizales;f__Pyronemataceae;g__Pustularia;NA,Pyronemataceae,9,Saprotroph-Symbiotroph,Dung Saprotroph-Ectomycorrhizal-Soil Saprotroph-Wood Saprotroph,Gasteroid-Pezizoid,NULL,Possible,"Saprobic on soil, dung or rotten wood or mycorrhizal, some species hypogeous, others associated with fire sites (Cannon & Kirk 2007)","Cannon PF, Kirk PM. 2007. Fungal Families of the World. CAB International, Cambridge (ISBN: 978-0851998275)"
3608g_QQ.scf,k__Fungi;p__Ascomycota;c__Pezizomycetes;o__Pezizales;f__Pezizaceae;g__Peziza;s__ostracoderma,Pezizaceae,9,Saprotroph-Symbiotroph,Dung Saprotroph-Ectomycorrhizal-Litter Saprotroph-Undefined Saprotroph,Pezizoid,NULL,Possible,"Saprobic or ectomycorrhizal, on or in soil, leafmould etc., some species associated with dung or fire sites (Cannon & Kirk 2007)","Cannon PF, Kirk PM. 2007. Fungal Families of the World. CAB International, Cambridge (ISBN: 978-0851998275)"
3608h_QQ.scf,k__Fungi;p__Ascomycota;c__Pezizomycetes;o__Pezizales;f__Pyronemataceae;g__Pustularia;NA,Pyronemataceae,9,Saprotroph-Symbiotroph,Dung Saprotroph-Ectomycorrhizal-Soil Saprotroph-Wood Saprotroph,Gasteroid-Pezizoid,NULL,Possible,"Saprobic on soil, dung or rotten wood or mycorrhizal, some species hypogeous, others associated with fire sites (Cannon & Kirk 2007)","Cannon PF, Kirk PM. 2007. Fungal Families of the World. CAB International, Cambridge (ISBN: 978-0851998275)"
3641b_QQ.scf,k__Fungi;p__Ascomycota;c__Dothideomycetes;o__Mytilinidales;f__Gloniaceae;g__Cenococcum;NA,Cenococcum,13,Symbiotroph,Ectomycorrhizal,NULL,NULL,Highly Probable,NULL,"Tedersoo L, et al. 2014. Science 346:e1256688 ((https://doi.org/10.1126/science.1256688))"
3652f_QQ.scf,k__Fungi;p__Ascomycota;c__Pezizomycetes;o__Pezizales;f__Pyronemataceae;NA;NA,Pyronemataceae,9,Saprotroph-Symbiotroph,Dung Saprotroph-Ectomycorrhizal-Soil Saprotroph-Wood Saprotroph,Gasteroid-Pezizoid,NULL,Possible,"Saprobic on soil, dung or rotten wood or mycorrhizal, some species hypogeous, others associated with fire sites (Cannon & Kirk 2007)","Cannon PF, Kirk PM. 2007. Fungal Families of the World. CAB International, Cambridge (ISBN: 978-0851998275)"
3652h_QQ.scf,k__Fungi;p__Ascomycota;c__Dothideomycetes;o__Dothideales;f__Dothideales_fam_Incertae_sedis;g__Hortaea;s__thailandica,Hortaea,13,Pathotroph,Plant Pathogen,NULL,NULL,Probable,NULL,"Tedersoo L, et al. 2014. Science 346:e1256688 ((https://doi.org/10.1126/science.1256688))"
3659c_QQ.scf,k__Fungi;p__Ascomycota;c__Pezizomycetes;o__Pezizales;f__Pezizaceae;NA;NA,Pezizaceae,9,Saprotroph-Symbiotroph,Dung Saprotroph-Ectomycorrhizal-Litter Saprotroph-Undefined Saprotroph,Pezizoid,NULL,Possible,"Saprobic or ectomycorrhizal, on or in soil, leafmould etc., some species associated with dung or fire sites (Cannon & Kirk 2007)","Cannon PF, Kirk PM. 2007. Fungal Families of the World. CAB International, Cambridge (ISBN: 978-0851998275)"
3659d_QQ.scf,k__Fungi;p__Ascomycota;c__Pezizomycetes;o__Pezizales;f__Pezizaceae;NA;NA,Pezizaceae,9,Saprotroph-Symbiotroph,Dung Saprotroph-Ectomycorrhizal-Litter Saprotroph-Undefined Saprotroph,Pezizoid,NULL,Possible,"Saprobic or ectomycorrhizal, on or in soil, leafmould etc., some species associated with dung or fire sites (Cannon & Kirk 2007)","Cannon PF, Kirk PM. 2007. Fungal Families of the World. CAB International, Cambridge (ISBN: 978-0851998275)"
3659e_QQ.scf,k__Fungi;p__Ascomycota;c__Pezizomycetes;o__Pezizales;f__Tuberaceae;g__Tuber;NA,Tuberaceae,9,Symbiotroph,Ectomycorrhizal,Gasteroid,Hypogeous,Probable,"Common name - true truffle; Mycorrhizal with broadleaved trees, growing in the surface layer of soil and closely associated with roots. Highly specific pheromone-like chemicals are produced that play a role in dispersal by attracting mammals that uproot fruit bodies and ditribute spores (Cannon & Kirk 2007)","Cannon PF, Kirk PM. 2007. Fungal Families of the World. CAB International, Cambridge (ISBN: 978-0851998275)"
3659f_QQ.scf,k__Fungi;p__Ascomycota;c__Pezizomycetes;o__Pezizales;f__Tuberaceae;g__Tuber;s__candidum,Tuberaceae,9,Symbiotroph,Ectomycorrhizal,Gasteroid,Hypogeous,Probable,"Common name - true truffle; Mycorrhizal with broadleaved trees, growing in the surface layer of soil and closely associated with roots. Highly specific pheromone-like chemicals are produced that play a role in dispersal by attracting mammals that uproot fruit bodies and ditribute spores (Cannon & Kirk 2007)","Cannon PF, Kirk PM. 2007. Fungal Families of the World. CAB International, Cambridge (ISBN: 978-0851998275)"
3659g_QQ.scf,k__Fungi;p__Ascomycota;c__Pezizomycetes;o__Pezizales;f__Pezizaceae;NA;NA,Pezizaceae,9,Saprotroph-Symbiotroph,Dung Saprotroph-Ectomycorrhizal-Litter Saprotroph-Undefined Saprotroph,Pezizoid,NULL,Possible,"Saprobic or ectomycorrhizal, on or in soil, leafmould etc., some species associated with dung or fire sites (Cannon & Kirk 2007)","Cannon PF, Kirk PM. 2007. Fungal Families of the World. CAB International, Cambridge (ISBN: 978-0851998275)"
3678g_QQ.scf,k__Fungi;p__Ascomycota;c__Pezizomycetes;o__Pezizales;f__Pyronemataceae;g__Pustularia;NA,Pyronemataceae,9,Saprotroph-Symbiotroph,Dung Saprotroph-Ectomycorrhizal-Soil Saprotroph-Wood Saprotroph,Gasteroid-Pezizoid,NULL,Possible,"Saprobic on soil, dung or rotten wood or mycorrhizal, some species hypogeous, others associated with fire sites (Cannon & Kirk 2007)","Cannon PF, Kirk PM. 2007. Fungal Families of the World. CAB International, Cambridge (ISBN: 978-0851998275)"
3678h_QQ.scf,k__Fungi;p__Ascomycota;c__Pezizomycetes;o__Pezizales;f__Pyronemataceae;g__Pustularia;NA,Pyronemataceae,9,Saprotroph-Symbiotroph,Dung Saprotroph-Ectomycorrhizal-Soil Saprotroph-Wood Saprotroph,Gasteroid-Pezizoid,NULL,Possible,"Saprobic on soil, dung or rotten wood or mycorrhizal, some species hypogeous, others associated with fire sites (Cannon & Kirk 2007)","Cannon PF, Kirk PM. 2007. Fungal Families of the World. CAB International, Cambridge (ISBN: 978-0851998275)"
3886h_PQ.scf,k__Fungi;p__Ascomycota;c__Sordariomycetes;o__Hypocreales;f__Nectriaceae;NA;NA,Nectriaceae,9,Pathotroph-Saprotroph-Symbiotroph,Animal Pathogen-Endophyte-Fungal Parasite-Lichen Parasite-Plant Pathogen-Wood Saprotroph,Microfungus,NULL,Possible,Fusarium species are amongst the economically significant plant pathogens (Cannon & Kirk 2007),"Cannon PF, Kirk PM. 2007. Fungal Families of the World. CAB International, Cambridge (ISBN: 978-0851998275); Hirooka Y, et al. 2012. Studies in Mycology 711-210 ((https://doi.org/10.3114/sim0001)); Tedersoo L, et al. 2014. Science 346:e1256688 ((https://doi.org/10.1126/science.1256688)); The American Phytopathological Society Common Names of Plant Diseases ((http://www.apsnet.org/publications/commonnames/Pages/default.aspx)); https://www.cdc.gov ((https://www.cdc.gov))"
3892e_PQ.scf,k__Fungi;p__Ascomycota;c__Sordariomycetes;o__Hypocreales;f__Nectriaceae;g__Ilyonectria;s__lusitanica,Ilyonectria,13,Pathotroph,Plant Pathogen,NULL,NULL,Probable,NULL,"Tedersoo L, et al. 2014. Science 346:e1256688 ((https://doi.org/10.1126/science.1256688))"
4022g_QP.scf,k__Fungi;p__Ascomycota;c__Pezizomycetes;o__Pezizales;f__Pyronemataceae;g__Pustularia;NA,Pyronemataceae,9,Saprotroph-Symbiotroph,Dung Saprotroph-Ectomycorrhizal-Soil Saprotroph-Wood Saprotroph,Gasteroid-Pezizoid,NULL,Possible,"Saprobic on soil, dung or rotten wood or mycorrhizal, some species hypogeous, others associated with fire sites (Cannon & Kirk 2007)","Cannon PF, Kirk PM. 2007. Fungal Families of the World. CAB International, Cambridge (ISBN: 978-0851998275)"
4201a_PP.scf,k__Fungi;p__Basidiomycota;c__Agaricomycetes;o__Boletales;f__Rhizopogonaceae;g__Rhizopogon;s__hawkerae,Rhizopogon,13,Symbiotroph,Ectomycorrhizal,Gasteroid,Hypogeous,Highly Probable,Common name - false truffle,"Rinaldi AC, et al. 2008. Fungal Diversity 33:1-45 ((http://www.fungaldiversity.org/fdp/sfdp/33-1.pdf)); Tedersoo L, et al. 2010. Mycorrhiza 20:217-263 ((https://doi.org/10.1007/s00572-009-0274-x)); http://mycorrhizas.info/ecmf.html ((http://mycorrhizas.info/ecmf.html))"
4201b_PP.scf,k__Fungi;p__Basidiomycota;c__Agaricomycetes;o__Boletales;f__Rhizopogonaceae;g__Rhizopogon;s__hawkerae,Rhizopogon,13,Symbiotroph,Ectomycorrhizal,Gasteroid,Hypogeous,Highly Probable,Common name - false truffle,"Rinaldi AC, et al. 2008. Fungal Diversity 33:1-45 ((http://www.fungaldiversity.org/fdp/sfdp/33-1.pdf)); Tedersoo L, et al. 2010. Mycorrhiza 20:217-263 ((https://doi.org/10.1007/s00572-009-0274-x)); http://mycorrhizas.info/ecmf.html ((http://mycorrhizas.info/ecmf.html))"
4201c_PP.scf,k__Fungi;p__Basidiomycota;c__Agaricomycetes;o__Boletales;f__Rhizopogonaceae;g__Rhizopogon;s__hawkerae,Rhizopogon,13,Symbiotroph,Ectomycorrhizal,Gasteroid,Hypogeous,Highly Probable,Common name - false truffle,"Rinaldi AC, et al. 2008. Fungal Diversity 33:1-45 ((http://www.fungaldiversity.org/fdp/sfdp/33-1.pdf)); Tedersoo L, et al. 2010. Mycorrhiza 20:217-263 ((https://doi.org/10.1007/s00572-009-0274-x)); http://mycorrhizas.info/ecmf.html ((http://mycorrhizas.info/ecmf.html))"
4201d_PP.scf,k__Fungi;p__Basidiomycota;c__Agaricomycetes;o__Boletales;f__Rhizopogonaceae;g__Rhizopogon;s__hawkerae,Rhizopogon,13,Symbiotroph,Ectomycorrhizal,Gasteroid,Hypogeous,Highly Probable,Common name - false truffle,"Rinaldi AC, et al. 2008. Fungal Diversity 33:1-45 ((http://www.fungaldiversity.org/fdp/sfdp/33-1.pdf)); Tedersoo L, et al. 2010. Mycorrhiza 20:217-263 ((https://doi.org/10.1007/s00572-009-0274-x)); http://mycorrhizas.info/ecmf.html ((http://mycorrhizas.info/ecmf.html))"
4201e_PP.scf,k__Fungi;p__Basidiomycota;c__Agaricomycetes;o__Boletales;f__Rhizopogonaceae;g__Rhizopogon;NA,Rhizopogon,13,Symbiotroph,Ectomycorrhizal,Gasteroid,Hypogeous,Highly Probable,Common name - false truffle,"Rinaldi AC, et al. 2008. Fungal Diversity 33:1-45 ((http://www.fungaldiversity.org/fdp/sfdp/33-1.pdf)); Tedersoo L, et al. 2010. Mycorrhiza 20:217-263 ((https://doi.org/10.1007/s00572-009-0274-x)); http://mycorrhizas.info/ecmf.html ((http://mycorrhizas.info/ecmf.html))"
4201f_PP.scf,k__Fungi;p__Basidiomycota;c__Agaricomycetes;o__Boletales;f__Rhizopogonaceae;g__Rhizopogon;NA,Rhizopogon,13,Symbiotroph,Ectomycorrhizal,Gasteroid,Hypogeous,Highly Probable,Common name - false truffle,"Rinaldi AC, et al. 2008. Fungal Diversity 33:1-45 ((http://www.fungaldiversity.org/fdp/sfdp/33-1.pdf)); Tedersoo L, et al. 2010. Mycorrhiza 20:217-263 ((https://doi.org/10.1007/s00572-009-0274-x)); http://mycorrhizas.info/ecmf.html ((http://mycorrhizas.info/ecmf.html))"
4201g_PP.scf,k__Fungi;p__Basidiomycota;c__Agaricomycetes;o__Boletales;f__Rhizopogonaceae;g__Rhizopogon;s__hawkerae,Rhizopogon,13,Symbiotroph,Ectomycorrhizal,Gasteroid,Hypogeous,Highly Probable,Common name - false truffle,"Rinaldi AC, et al. 2008. Fungal Diversity 33:1-45 ((http://www.fungaldiversity.org/fdp/sfdp/33-1.pdf)); Tedersoo L, et al. 2010. Mycorrhiza 20:217-263 ((https://doi.org/10.1007/s00572-009-0274-x)); http://mycorrhizas.info/ecmf.html ((http://mycorrhizas.info/ecmf.html))"
4201h_PP.scf,k__Fungi;p__Basidiomycota;c__Agaricomycetes;o__Boletales;f__Rhizopogonaceae;g__Rhizopogon;s__hawkerae,Rhizopogon,13,Symbiotroph,Ectomycorrhizal,Gasteroid,Hypogeous,Highly Probable,Common name - false truffle,"Rinaldi AC, et al. 2008. Fungal Diversity 33:1-45 ((http://www.fungaldiversity.org/fdp/sfdp/33-1.pdf)); Tedersoo L, et al. 2010. Mycorrhiza 20:217-263 ((https://doi.org/10.1007/s00572-009-0274-x)); http://mycorrhizas.info/ecmf.html ((http://mycorrhizas.info/ecmf.html))"
4202c_PP.scf,k__Fungi;p__Basidiomycota;c__Agaricomycetes;o__Boletales;f__Rhizopogonaceae;g__Rhizopogon;NA,Rhizopogon,13,Symbiotroph,Ectomycorrhizal,Gasteroid,Hypogeous,Highly Probable,Common name - false truffle,"Rinaldi AC, et al. 2008. Fungal Diversity 33:1-45 ((http://www.fungaldiversity.org/fdp/sfdp/33-1.pdf)); Tedersoo L, et al. 2010. Mycorrhiza 20:217-263 ((https://doi.org/10.1007/s00572-009-0274-x)); http://mycorrhizas.info/ecmf.html ((http://mycorrhizas.info/ecmf.html))"
4202g_PP.scf,k__Fungi;p__Basidiomycota;c__Agaricomycetes;o__Boletales;f__Rhizopogonaceae;g__Rhizopogon;NA,Rhizopogon,13,Symbiotroph,Ectomycorrhizal,Gasteroid,Hypogeous,Highly Probable,Common name - false truffle,"Rinaldi AC, et al. 2008. Fungal Diversity 33:1-45 ((http://www.fungaldiversity.org/fdp/sfdp/33-1.pdf)); Tedersoo L, et al. 2010. Mycorrhiza 20:217-263 ((https://doi.org/10.1007/s00572-009-0274-x)); http://mycorrhizas.info/ecmf.html ((http://mycorrhizas.info/ecmf.html))"
4202h_PP.scf,k__Fungi;p__Basidiomycota;c__Agaricomycetes;o__Boletales;f__Rhizopogonaceae;g__Rhizopogon;NA,Rhizopogon,13,Symbiotroph,Ectomycorrhizal,Gasteroid,Hypogeous,Highly Probable,Common name - false truffle,"Rinaldi AC, et al. 2008. Fungal Diversity 33:1-45 ((http://www.fungaldiversity.org/fdp/sfdp/33-1.pdf)); Tedersoo L, et al. 2010. Mycorrhiza 20:217-263 ((https://doi.org/10.1007/s00572-009-0274-x)); http://mycorrhizas.info/ecmf.html ((http://mycorrhizas.info/ecmf.html))"
4208a_PP.scf,k__Fungi;p__Basidiomycota;c__Agaricomycetes;o__Boletales;f__Rhizopogonaceae;g__Rhizopogon;s__hawkerae,Rhizopogon,13,Symbiotroph,Ectomycorrhizal,Gasteroid,Hypogeous,Highly Probable,Common name - false truffle,"Rinaldi AC, et al. 2008. Fungal Diversity 33:1-45 ((http://www.fungaldiversity.org/fdp/sfdp/33-1.pdf)); Tedersoo L, et al. 2010. Mycorrhiza 20:217-263 ((https://doi.org/10.1007/s00572-009-0274-x)); http://mycorrhizas.info/ecmf.html ((http://mycorrhizas.info/ecmf.html))"
4208g_PP.scf,k__Fungi;p__Basidiomycota;c__Agaricomycetes;o__Boletales;f__Rhizopogonaceae;g__Rhizopogon;NA,Rhizopogon,13,Symbiotroph,Ectomycorrhizal,Gasteroid,Hypogeous,Highly Probable,Common name - false truffle,"Rinaldi AC, et al. 2008. Fungal Diversity 33:1-45 ((http://www.fungaldiversity.org/fdp/sfdp/33-1.pdf)); Tedersoo L, et al. 2010. Mycorrhiza 20:217-263 ((https://doi.org/10.1007/s00572-009-0274-x)); http://mycorrhizas.info/ecmf.html ((http://mycorrhizas.info/ecmf.html))"
4216e_PP.scf,k__Fungi;p__Basidiomycota;c__Agaricomycetes;o__Boletales;f__Rhizopogonaceae;g__Rhizopogon;NA,Rhizopogon,13,Symbiotroph,Ectomycorrhizal,Gasteroid,Hypogeous,Highly Probable,Common name - false truffle,"Rinaldi AC, et al. 2008. Fungal Diversity 33:1-45 ((http://www.fungaldiversity.org/fdp/sfdp/33-1.pdf)); Tedersoo L, et al. 2010. Mycorrhiza 20:217-263 ((https://doi.org/10.1007/s00572-009-0274-x)); http://mycorrhizas.info/ecmf.html ((http://mycorrhizas.info/ecmf.html))"
4234a_PP.scf,k__Fungi;p__Basidiomycota;c__Agaricomycetes;o__Boletales;f__Rhizopogonaceae;g__Rhizopogon;NA,Rhizopogon,13,Symbiotroph,Ectomycorrhizal,Gasteroid,Hypogeous,Highly Probable,Common name - false truffle,"Rinaldi AC, et al. 2008. Fungal Diversity 33:1-45 ((http://www.fungaldiversity.org/fdp/sfdp/33-1.pdf)); Tedersoo L, et al. 2010. Mycorrhiza 20:217-263 ((https://doi.org/10.1007/s00572-009-0274-x)); http://mycorrhizas.info/ecmf.html ((http://mycorrhizas.info/ecmf.html))"
4234b_PP.scf,k__Fungi;p__Basidiomycota;c__Agaricomycetes;o__Boletales;f__Rhizopogonaceae;g__Rhizopogon;NA,Rhizopogon,13,Symbiotroph,Ectomycorrhizal,Gasteroid,Hypogeous,Highly Probable,Common name - false truffle,"Rinaldi AC, et al. 2008. Fungal Diversity 33:1-45 ((http://www.fungaldiversity.org/fdp/sfdp/33-1.pdf)); Tedersoo L, et al. 2010. Mycorrhiza 20:217-263 ((https://doi.org/10.1007/s00572-009-0274-x)); http://mycorrhizas.info/ecmf.html ((http://mycorrhizas.info/ecmf.html))"
4234c_PP.scf,k__Fungi;p__Basidiomycota;c__Agaricomycetes;o__Boletales;f__Rhizopogonaceae;g__Rhizopogon;NA,Rhizopogon,13,Symbiotroph,Ectomycorrhizal,Gasteroid,Hypogeous,Highly Probable,Common name - false truffle,"Rinaldi AC, et al. 2008. Fungal Diversity 33:1-45 ((http://www.fungaldiversity.org/fdp/sfdp/33-1.pdf)); Tedersoo L, et al. 2010. Mycorrhiza 20:217-263 ((https://doi.org/10.1007/s00572-009-0274-x)); http://mycorrhizas.info/ecmf.html ((http://mycorrhizas.info/ecmf.html))"
4234d_PP.scf,k__Fungi;p__Basidiomycota;c__Agaricomycetes;o__Boletales;f__Rhizopogonaceae;g__Rhizopogon;NA,Rhizopogon,13,Symbiotroph,Ectomycorrhizal,Gasteroid,Hypogeous,Highly Probable,Common name - false truffle,"Rinaldi AC, et al. 2008. Fungal Diversity 33:1-45 ((http://www.fungaldiversity.org/fdp/sfdp/33-1.pdf)); Tedersoo L, et al. 2010. Mycorrhiza 20:217-263 ((https://doi.org/10.1007/s00572-009-0274-x)); http://mycorrhizas.info/ecmf.html ((http://mycorrhizas.info/ecmf.html))"
4234h_PP.scf,k__Fungi;p__Basidiomycota;c__Agaricomycetes;o__Boletales;f__Rhizopogonaceae;g__Rhizopogon;NA,Rhizopogon,13,Symbiotroph,Ectomycorrhizal,Gasteroid,Hypogeous,Highly Probable,Common name - false truffle,"Rinaldi AC, et al. 2008. Fungal Diversity 33:1-45 ((http://www.fungaldiversity.org/fdp/sfdp/33-1.pdf)); Tedersoo L, et al. 2010. Mycorrhiza 20:217-263 ((https://doi.org/10.1007/s00572-009-0274-x)); http://mycorrhizas.info/ecmf.html ((http://mycorrhizas.info/ecmf.html))"
4348a_PP.scf,k__Fungi;p__Ascomycota;c__Pezizomycetes;o__Pezizales;f__Tuberaceae;g__Choiromyces;NA,Choiromyces,13,Symbiotroph,Ectomycorrhizal,Gasteroid,Hypogeous,Highly Probable,Common name - false truffle,The American Phytopathological Society Common Names of Plant Diseases ((http://www.apsnet.org/publications/commonnames/Pages/default.aspx))
4348c_PP.scf,k__Fungi;p__Basidiomycota;c__Agaricomycetes;o__Boletales;f__Rhizopogonaceae;g__Rhizopogon;NA,Rhizopogon,13,Symbiotroph,Ectomycorrhizal,Gasteroid,Hypogeous,Highly Probable,Common name - false truffle,"Rinaldi AC, et al. 2008. Fungal Diversity 33:1-45 ((http://www.fungaldiversity.org/fdp/sfdp/33-1.pdf)); Tedersoo L, et al. 2010. Mycorrhiza 20:217-263 ((https://doi.org/10.1007/s00572-009-0274-x)); http://mycorrhizas.info/ecmf.html ((http://mycorrhizas.info/ecmf.html))"
4377a_PP.scf,k__Fungi;p__Basidiomycota;c__Agaricomycetes;o__Boletales;f__Rhizopogonaceae;g__Rhizopogon;s__hawkerae,Rhizopogon,13,Symbiotroph,Ectomycorrhizal,Gasteroid,Hypogeous,Highly Probable,Common name - false truffle,"Rinaldi AC, et al. 2008. Fungal Diversity 33:1-45 ((http://www.fungaldiversity.org/fdp/sfdp/33-1.pdf)); Tedersoo L, et al. 2010. Mycorrhiza 20:217-263 ((https://doi.org/10.1007/s00572-009-0274-x)); http://mycorrhizas.info/ecmf.html ((http://mycorrhizas.info/ecmf.html))"
4377b_PP.scf,k__Fungi;p__Basidiomycota;c__Agaricomycetes;o__Boletales;f__Rhizopogonaceae;g__Rhizopogon;NA,Rhizopogon,13,Symbiotroph,Ectomycorrhizal,Gasteroid,Hypogeous,Highly Probable,Common name - false truffle,"Rinaldi AC, et al. 2008. Fungal Diversity 33:1-45 ((http://www.fungaldiversity.org/fdp/sfdp/33-1.pdf)); Tedersoo L, et al. 2010. Mycorrhiza 20:217-263 ((https://doi.org/10.1007/s00572-009-0274-x)); http://mycorrhizas.info/ecmf.html ((http://mycorrhizas.info/ecmf.html))"
4377c_PP.scf,k__Fungi;p__Basidiomycota;c__Agaricomycetes;o__Boletales;f__Rhizopogonaceae;g__Rhizopogon;s__hawkerae,Rhizopogon,13,Symbiotroph,Ectomycorrhizal,Gasteroid,Hypogeous,Highly Probable,Common name - false truffle,"Rinaldi AC, et al. 2008. Fungal Diversity 33:1-45 ((http://www.fungaldiversity.org/fdp/sfdp/33-1.pdf)); Tedersoo L, et al. 2010. Mycorrhiza 20:217-263 ((https://doi.org/10.1007/s00572-009-0274-x)); http://mycorrhizas.info/ecmf.html ((http://mycorrhizas.info/ecmf.html))"
4377d_PP.scf,k__Fungi;p__Basidiomycota;c__Agaricomycetes;o__Boletales;f__Rhizopogonaceae;g__Rhizopogon;NA,Rhizopogon,13,Symbiotroph,Ectomycorrhizal,Gasteroid,Hypogeous,Highly Probable,Common name - false truffle,"Rinaldi AC, et al. 2008. Fungal Diversity 33:1-45 ((http://www.fungaldiversity.org/fdp/sfdp/33-1.pdf)); Tedersoo L, et al. 2010. Mycorrhiza 20:217-263 ((https://doi.org/10.1007/s00572-009-0274-x)); http://mycorrhizas.info/ecmf.html ((http://mycorrhizas.info/ecmf.html))"
4377e_PP.scf,k__Fungi;p__Basidiomycota;c__Agaricomycetes;o__Boletales;f__Rhizopogonaceae;g__Rhizopogon;NA,Rhizopogon,13,Symbiotroph,Ectomycorrhizal,Gasteroid,Hypogeous,Highly Probable,Common name - false truffle,"Rinaldi AC, et al. 2008. Fungal Diversity 33:1-45 ((http://www.fungaldiversity.org/fdp/sfdp/33-1.pdf)); Tedersoo L, et al. 2010. Mycorrhiza 20:217-263 ((https://doi.org/10.1007/s00572-009-0274-x)); http://mycorrhizas.info/ecmf.html ((http://mycorrhizas.info/ecmf.html))"
4383c_PP.scf,k__Fungi;p__Basidiomycota;c__Agaricomycetes;o__Boletales;f__Rhizopogonaceae;g__Rhizopogon;s__roseolus,Rhizopogon,13,Symbiotroph,Ectomycorrhizal,Gasteroid,Hypogeous,Highly Probable,Common name - false truffle,"Rinaldi AC, et al. 2008. Fungal Diversity 33:1-45 ((http://www.fungaldiversity.org/fdp/sfdp/33-1.pdf)); Tedersoo L, et al. 2010. Mycorrhiza 20:217-263 ((https://doi.org/10.1007/s00572-009-0274-x)); http://mycorrhizas.info/ecmf.html ((http://mycorrhizas.info/ecmf.html))"
4383g_PP.scf,k__Fungi;p__Basidiomycota;c__Agaricomycetes;o__Boletales;f__Rhizopogonaceae;g__Rhizopogon;NA,Rhizopogon,13,Symbiotroph,Ectomycorrhizal,Gasteroid,Hypogeous,Highly Probable,Common name - false truffle,"Rinaldi AC, et al. 2008. Fungal Diversity 33:1-45 ((http://www.fungaldiversity.org/fdp/sfdp/33-1.pdf)); Tedersoo L, et al. 2010. Mycorrhiza 20:217-263 ((https://doi.org/10.1007/s00572-009-0274-x)); http://mycorrhizas.info/ecmf.html ((http://mycorrhizas.info/ecmf.html))"
4383h_PP.scf,k__Fungi;p__Basidiomycota;c__Agaricomycetes;o__Boletales;f__Rhizopogonaceae;g__Rhizopogon;NA,Rhizopogon,13,Symbiotroph,Ectomycorrhizal,Gasteroid,Hypogeous,Highly Probable,Common name - false truffle,"Rinaldi AC, et al. 2008. Fungal Diversity 33:1-45 ((http://www.fungaldiversity.org/fdp/sfdp/33-1.pdf)); Tedersoo L, et al. 2010. Mycorrhiza 20:217-263 ((https://doi.org/10.1007/s00572-009-0274-x)); http://mycorrhizas.info/ecmf.html ((http://mycorrhizas.info/ecmf.html))"
4418b_PP.scf,k__Fungi;p__Basidiomycota;c__Agaricomycetes;o__Boletales;f__Rhizopogonaceae;g__Rhizopogon;NA,Rhizopogon,13,Symbiotroph,Ectomycorrhizal,Gasteroid,Hypogeous,Highly Probable,Common name - false truffle,"Rinaldi AC, et al. 2008. Fungal Diversity 33:1-45 ((http://www.fungaldiversity.org/fdp/sfdp/33-1.pdf)); Tedersoo L, et al. 2010. Mycorrhiza 20:217-263 ((https://doi.org/10.1007/s00572-009-0274-x)); http://mycorrhizas.info/ecmf.html ((http://mycorrhizas.info/ecmf.html))"
4418c_PP.scf,k__Fungi;p__Basidiomycota;c__Agaricomycetes;o__Boletales;f__Rhizopogonaceae;g__Rhizopogon;NA,Rhizopogon,13,Symbiotroph,Ectomycorrhizal,Gasteroid,Hypogeous,Highly Probable,Common name - false truffle,"Rinaldi AC, et al. 2008. Fungal Diversity 33:1-45 ((http://www.fungaldiversity.org/fdp/sfdp/33-1.pdf)); Tedersoo L, et al. 2010. Mycorrhiza 20:217-263 ((https://doi.org/10.1007/s00572-009-0274-x)); http://mycorrhizas.info/ecmf.html ((http://mycorrhizas.info/ecmf.html))"
4418d_PP.scf,k__Fungi;p__Basidiomycota;c__Agaricomycetes;o__Boletales;f__Rhizopogonaceae;g__Rhizopogon;s__hawkerae,Rhizopogon,13,Symbiotroph,Ectomycorrhizal,Gasteroid,Hypogeous,Highly Probable,Common name - false truffle,"Rinaldi AC, et al. 2008. Fungal Diversity 33:1-45 ((http://www.fungaldiversity.org/fdp/sfdp/33-1.pdf)); Tedersoo L, et al. 2010. Mycorrhiza 20:217-263 ((https://doi.org/10.1007/s00572-009-0274-x)); http://mycorrhizas.info/ecmf.html ((http://mycorrhizas.info/ecmf.html))"
4418e_PP.scf,k__Fungi;p__Ascomycota;c__Pezizomycetes;o__Pezizales;f__Pyronemataceae;g__Pustularia;NA,Pyronemataceae,9,Saprotroph-Symbiotroph,Dung Saprotroph-Ectomycorrhizal-Soil Saprotroph-Wood Saprotroph,Gasteroid-Pezizoid,NULL,Possible,"Saprobic on soil, dung or rotten wood or mycorrhizal, some species hypogeous, others associated with fire sites (Cannon & Kirk 2007)","Cannon PF, Kirk PM. 2007. Fungal Families of the World. CAB International, Cambridge (ISBN: 978-0851998275)"
4377h_PP.scf,k__Fungi;NA;NA;NA;NA;NA;NA,-,-,-,-,-,-,-,Unassigned,-
4234e_PP.scf,k__Fungi;p__Basidiomycota;c__Agaricomycetes;NA;NA;NA;NA,-,-,-,-,-,-,-,Unassigned,-
4202d_PP.scf,k__Fungi;NA;NA;NA;NA;NA;NA,-,-,-,-,-,-,-,Unassigned,-
4202b_PP.scf,k__Fungi;p__Ascomycota;NA;NA;NA;NA;NA,-,-,-,-,-,-,-,Unassigned,-
4173a_QP.scf,k__Fungi;NA;NA;NA;NA;NA;NA,-,-,-,-,-,-,-,Unassigned,-
3608e_QQ.scf,k__Fungi;NA;NA;NA;NA;NA;NA,-,-,-,-,-,-,-,Unassigned,-
3604f_QQ.scf,k__Fungi;p__Ascomycota;NA;NA;NA;NA;NA,-,-,-,-,-,-,-,Unassigned,-
3604a_QQ.scf,k__Fungi;NA;NA;NA;NA;NA;NA,-,-,-,-,-,-,-,Unassigned,-
3098g_QC.scf,k__Fungi;p__Ascomycota;NA;NA;NA;NA;NA,-,-,-,-,-,-,-,Unassigned,-
3098b_QC.scf,k__Fungi;p__Ascomycota;NA;NA;NA;NA;NA,-,-,-,-,-,-,-,Unassigned,-