Kingdom,Phylum,Class,Order,Family,Genus,Species,sequence
k__Fungi,p__Basidiomycota,c__Agaricomycetes,o__Boletales,f__Rhizopogonaceae,g__Rhizopogon,s__hawkerae,TACGAATATAAATCGGAAAGCTGTCGCTGGCCTTCGGGCATGTGCACGCCGACCGTGTTTCATAAATTTCTCACCTGTGAACCTAATGTAGGATGCCTATTCCTTTGGGATAGGGGACCTATGTCTTCATATACATCTCCGTGTAGAAAGTCTTAGAATGTTTACTATCATAGAGTCGCGACTTCTAGGAGACGCGAATCTGTGAGATAAAAGTTATTACAACTTTCAGCAATGGATCTCTTGGCTCTCGCATCGATGAAGAACGCAGCGAAAAGCGATATGTAATGTGAATTGCAGATCTACAGTGAATCATCGAATCTTTGAACGCACCTTGCGCTCCTCGGTGTTCCGAGGAGCATGCCTGTTTGAGTGTCAGTAAATTCTCAACCCCTCTTGATTGAGGGAGTTTGGATAGTGGGGGTTTGCCGGAGACTTTTTGACTCGGGCTCTCCTGAAATGCATCGGCTTGCGGTCGACTTTCGACTATGCGCGACAAGGCTTTCGGCGTGATAATGATCGCCGTTCGCTGAAGCGCATGAATGAAGGTTACGCGCCTCTAATACGTCGACTCTTATTATCTCTTAGGAGAGAAAAGGTCTTCTWTATTGACTTTTGACCTCAAATCAGGTAGGACTACCCGCTGAACTTAAGCATW
k__Fungi,p__Ascomycota,c__Pezizomycetes,o__Pezizales,f__Tuberaceae,g__Tuber,NA,ATACATGGGATACCAATGTGTTCCCTGACCCATACCACCTCTGTGTACCGCTCCATGTTGCTTTCCCAGGTGCTCAATCCTTGTAGTAGCTCATCGCAAATGACATGTCGCTGCTGCCCGCGAGTGGCTACTGGGAAAGGTCTTATTTAACGCCTTCAATTGAATTTGCCGTCTGAGTTGGCCTGGTGCCATGAACTTTGAACAAGTTAAAAAACTTTCAACAACGGATCTCTTGGCTCTCGCATCGATGAAGAACGCAGCGAAATGCGATAAGTAATGTGAATTGCAGAATTCAGTGAATCATCGAATCTTTGAACGCACATTGCGCCCCTTGGTATTCCTTGGGGCATGCCTGTTCGAGCGTCACTACAAAACCCACTCATAAATGTTATGGTACTGATGGAAGTGAACTGTCGCCACTCATGCGCTCAGATCACTCTGTYGAAATGCATAGGCAGGATAATCAACCTCCGCAACGGACTTAGTAACAGTTKTAAAGACATAAACCAGTCACTTGTTAGGTTCCAGCCTGGCCATCATGGACCTCCATCCAAGTTGAACTCTGGGTTGACCTCGGATCAGGTAGGGATACCCGCTGAACTTAAGCAT
k__Fungi,p__Ascomycota,c__Pezizomycetes,o__Pezizales,f__Tuberaceae,g__Tuber,s__candidum,KKTWWRYWKCMSRWMYCYGGRCGRGCMAYRWRWGARTTKWGTYMGGTKRGRYARTTTGGGWTNASGNCTTCNNSTWWWSTAGTCRSGGTWCYWMKWCGRKYNACMTRATGGGGTGAGCAGATATMAWGACARSGATAGTATMTMGCGGAWCWGRMYTCGCATGAWTCGAAGGGAATKSARSAACYTYTNCWGACARSAAACTMTTGNGTGGTTTTGWGMGTCGGCAGGCWGCTCCCGGAATACGGAAGGCGCAANGTGCGTTCAAAGATCGATGATCACTGAATCTGCAATTCACACTACTTATCGCATTTCGCTGCGTTCTTCATCGATGCGAGAACCAAGAGATCCGTTGTTGAAAGTTTTAACTTCTATTTTAAAAATTCAGAAGACTCTAAATACAATATTTTATGTTAACCTTCCGGCCAGGCTATTCAGCTAACTGTACAGCCCAAACAGCCGGAAGCAACAGGTGGTTTAGACAAGGGGGTTTGAAATGTATATTCAAATGAACATATATGGGACACTAATGTGGTCCCTTGAYCAAAACCCTCTCTGCGTACCAATCTATGTTGCTTTCCTAGGTGGTTGGTTTCAGCTGCCGTCCAACATTGCCTGCTAGCTCAGTCAGCCCGAGTGGTTAACTCGGAGTTTGATCTTTTTTACTGATGGGTTAAGCTTTAATCGGTCAGCGAGCTTAATTTATGTCCATCAGGATCAGCTATGCAGGCCCCTGGGAAAGGGTCCATCCCAAATGAATATGCCAATCAGCTGTCTGAGTTGGCCTTGTGCCTTATTCTTTGAACAAGTTAAAACTTTCAACAACGGATCTCTTGGCTCTCGCATCGATGAAGAACGCAGCGAAATGCGATAAGTAATGTGAATTGCAGAATTCAGTGAATCATCGAATCTTTGAACGCACATTGCGCCCCTTGGTATTCCTTGGGGCATGCCTGTTCGAGCGTCACTATAAACCCGCTCATAAATGTTATGGTATTGATGGAAGTGAACTGTTGCAACTAAAGTGTGTGGATCACTCCATCGAAATACATAGGCAGGACAACAAACCTCTGTAGCTGACTTAGTAACTGTTTTCAAAGACACAAACCAGTCACTTGCTAGGTTCTAGCCTGGCCTCCTTAGACCTCCATTCAAGATAAAATACTGGGTTGACCTCGGATCAGGTAGGGATACCCGCTGAACTTAAGCA
k__Fungi,p__Ascomycota,c__Leotiomycetes,o__Helotiales,f__Vibrisseaceae,g__Phialocephala,s__fortinii,GGCTACCGAACGTTGTAAACAGCGGTTAGGAGCTTACACCCACCCGTGTTTACATACTATTGTTGCTTTGGCGGNCCGTGGCCTCCACTGCGGCCTCTGCTCGTGTGTGCCCGCCAGAGAACCAAACTCTGAATGTTAGTGATGTCTGAGTACTATCTAATAGTTAAAACTTTCAACAACGGATCTCTTGGTTCTGGCATCGATGAAGAACGCAGCGAAATGCGATAAGTAATGTGAATTGCAGAATTCAGTGAATCATCGAATCTTTGAACGCACATTGCGCCCTGTGGTATTCCGCAGGGCATGCCTGTTCGAGCGTCATTTAACCACTCACGCCTAGCGTGTTATTGNGGCACGCGGTCTCCGCGGCCCTCAAAATTAGTGGCGGCGCCGGTGGGCTCTAAGCGTAGTACATACTCCCGCTATAGAGTTCCCCCCGGTGGCTCGCCAGAACCCCCAATTTTTACAGGTTGACCTCGGATCAGGTAGGGATACCCGCTGAACTTAAGC
k__Fungi,p__Ascomycota,c__Pezizomycetes,o__Pezizales,f__Pyronemataceae,g__Wilcoxina,s__rehmii,CGACTGAATATACCCATTCTGAGTACCTTGCCTGTTGCTTCCATGGAGCATGWCAAATGTCACTCTGGRGATTTACATCCCGAGGSAGCCTCCGWGKAAGGTAATSAATTAACCCTTGAATSCAATGWCAKCTGTCTGATAATGTTTATAACAAATGTTAAAACTTTCAACAACGGATCTCTTGGTTCTCGCATCGATGAAGAACGCAGCGAAATGCGATAAGTAGTGTGAATTGCAGAATTCAGTGAATCATCGAATCTTTGAACGCACATTGCGCCTCCTGGTATTCCGGGAGGCATGCCTGTTCGAGCGTCATTAAATACCACTCAAGCTCTTCTGCTTGGTCATGGAAGAAGAGTATGCTTGCATCCTCTCTTCTGAAATTGAATGNCGGACCGCCTCATGTGCCTCGCGTAGTAAGTTCATCTTTTCGCTTGGAGTGTGAGACAGTCTCGCCATCAACCCCCATACTTCTAAGGTTGACCTCGGATCAGGTAGGGATACCCGCTGAACTTAAG
k__Fungi,p__Ascomycota,c__Pezizomycetes,o__Pezizales,f__Pyronemataceae,g__Pustularia,NA,WCATTAAAAGTAATATATATTCATTTGAATATACATTTCAAACCCCCTTGTCTAAACCACCTGTTGCTTCCGGCTGTTTGGGCTGTACAGTTAGCTGAATAGCCTGGCCGGAAGGTTAACATAAAATATTGTATTTAGAGTCTTCTGAATTTTTAAAATAAAAGTTAAAACTTTCAACAACGGATCTCTTGGTTCTCGCATCGATGAAGAACGCAGCGAAATGCGATAAGTAGTGTGAATTGCAGAATTCAGTGAATCATCGAATCTTTGAACGCACATTGCGCCTTCCGGTATTCCGGGAGGCATGCCTGTCCGAGCGTCATCAAAAACCACTCAAGTAGTTTTGCTTGGTCATGAAAGAAGAGTTTGCTTGCAAATTCCCTTTCGAAATTCAATGGCGGAGAGTCTCATGATTCCGGCGTAGTAATAACTTATTCGCTTGGTCATTGTAATAATCCTGCCTCAAACCCCCAATTCTAGTGTTTGACCTCGGATCAGGTAGGGATACCCGCTGAACTTAAGCATATCAT
k__Fungi,p__Ascomycota,c__Leotiomycetes,o__Helotiales,f__Hyaloscyphaceae,g__Hyphodiscus,NA,GTAGACCTCCCACCCGATGTTATCATTACCTTTGTTGCTTTGGCGGGCCGCCAGGCTTCGGTCAGGCTATCGGCTTCGGCTGGTAAGCGCCCGCCAGAGGACCCCAACATCCTGATTATTAGTGTCGTCTGAGTCCTATGCAATAGTTAAAACTTTCAACAACGGATCTCTTGTTTCTGGCATCGATGAAGAACGCAGCGAAATGCGATAAGTAATGTGAATTGCAGAATTCAGTGAATCATCGAATCTTTGAACGCACATTGCGCCCCTTGGTATTCCGAGGGGCATGCCTGTTCGAGCGTCATTACAACCCTCAAGCATTGCTTGNTGTTAGGCTCCGCTGCTCACCCAGCGGGCCTTAAAATCAGTGACGGTGCCGTCGGGCCCTGAGCGTAGTAAATCTCCTCGCTACAGGGCCCCGGTGGACGCTGGCCATCAACCCCTCACTTTCTAAGTTTGACCTCGGATCAGGTAG
k__Fungi,p__Basidiomycota,c__Agaricomycetes,o__Boletales,f__Melanogastraceae,g__Melanogaster,NA,TATCGAAAAGCAATCTGGAGGGGAAGACGAGCGAGCGAAGTTTGGTAGATCGTAGGGATTGTCGCTGGCCTTTGGCAACCGAAGGCATGTGCACGTTCCGAGTTCTCCTTTAGTCCTCATTTGCCTTTCCTTTTGGAAAACCTTTATTTCACACCTGTGCACCTATTGTAGGTCCSGCAAGGRATCTATGTTTCTAATCTACCCCAAATGTATGTCTAGAATGTCATTARTGCGTCGATCGGCTTGGCTAACGCCTCGTTGGCGACGGTAAAGAAATCATATACAACTTTCAGCAACGGATCTCTTGGCTCTCGCATCGATGAAGAACGCAGCGAATTGCGATACGTAATGTGAATTGCAGATTTTCAGTGAATCATCGAATCTTTGAACGCACCTTGCGCTCCTTGRTATTCCGAGGAGCATGCCTGTTTGAGTGTCATTGAATTCTCAACCATCCTTTGATTGATTTCGAGGGGATGGCTTGGATTTTGRGAGCTGCCGGCTGACCTTTACTAAAGGACGGGTCGGCTCTTCTTAAAAGCATTAGCGAAAGGT
k__Fungi,p__Ascomycota,c__Eurotiomycetes,o__Chaetothyriales,f__Herpotrichiellaceae,g__Phialophora,s__cyclaminis,TAGCGAGTATAACTCTCTAAAACCATTGTGAACGAACGAACCCGTTGCTTCGGCGGACGGCTCTGCCGCCGCCGGAAGAACGCAAACTCTTGTTATTATTGTTTCTCTGAGTACTTATTCAATAAGTAAAAACTTTCAACAACGGATCTCTTGGTTCTGGCATCGATGAAGAACGCAGCGAAATGCGATAAGTAATGTGAATTGCAGAATTCAGTGAATCATCGAATCTTTGAACGCACATTGCGCCCGCCAGTATTCTGGCGGGCATGCCTGTTCGAGCGTCATTTCAACCATCAAGCCCCAGGCTTGTGTTGGGGGCCTGCAGCTGCTGCAGCCCCCTAAAAGCAGTGGCGGACTCGCTGTCATTCCGAGCGCAGTAGTTACATCTCGCTCTGGGCGTGGCGGTGGGCACCTGCCGTGAAACACTCTTTCTAAGGTTGACCTCGGATCAGGTAGGAATACCCGCTGAACTTAAGC
k__Fungi,p__Ascomycota,c__Pezizomycetes,o__Pezizales,f__Tuberaceae,g__Tuber,s__californicum,KCCAATTTGGCTCCTAAGCAAACACTTCTATGTGTACTCTCCCATGTTGCTTCCCCAGACCAGTGGCCACTGCTGCCAGTCCGGCCTCTTAACGGGTTTCTGGTCTGAGATGTCTGGGGAAGGTCCATTATTAAACTTTTAAACCAAATGCCAGTCTGAGAAGGCCATGTGCCGTAATCTTTAAAACATATTAAAACTTTCAACAACGGATCTCTTGGCTCTCGCATCGATGAAGAACGCAGCGAAATGCGATAAGTAATGTGAATTGCAGAATTCAGTGAATCATCGAATCTTTGAACGCACATTGCGCCCTTTGGTATTCCTTAGGGCATACCTGTTCGAGCGTCACTAAAAACCATCTCATATATAATGTGGTATTGGTAGAAGTGGGTAGTATTGATAGTACTTYRTCYTACTCTACTGAAATGCATAGGYCAGAAAAGTGGACCATGGTAACAGACTCTCAGAGTGTTTTGAAAATRCTAAACWAGTCTTACCACAGTTGATATCTGAGCYACTGGATCCCCATTTAGTCCAAACCAGAGAGGTTGACCTCGGATCAGGTAGGGATACCCGCTGAACTTAAGCA
k__Fungi,p__Ascomycota,c__Sordariomycetes,o__Hypocreales,NA,NA,NA,CTCTATAGCTTCGGGGGCCTGCCCCGGGGGCGCTCTACGGCCGCCGAAAGCCCATCAGAACTCTTTTACAGGCTCTCTGAGTAATCATTAAATGCTAAAAACCTTCAACAACGGATCTCTTGGTTCTGGCATCGATGAAGAACGCAGCGAAATGCGATACGTAATGTGAATTGCAGAATTCCGCGAATCATCGAATCTTTGAACGCACATTGCACCCGGTGGTATTCCGCCGGGTATGCCTGTCTGAGCGTCATTTCTACCCTCGAGCACTGCTCGGTGTTGGCGGATTGCCTAGCAACCGCTGAAAATCAACGGCGGTGACCCCTATGTCCCTGTATAGTACTATTCTTACAGTGTTTATAGCGGTCTACCAGTCTCCTGTGCGCCGTAACAAGCGCTACACTTTGAAACTCGACCTCAGATCAGGTAGGAATACCCGCTGAACTTAAGCA
k__Fungi,p__Ascomycota,c__Eurotiomycetes,o__Eurotiales,f__Aspergillaceae,g__Penicillium,NA,CTCCCACCCGTGTTTATCGTACCTTGTTGCTTCGGCGGACCCGCCTCACGGCCGCCGNNGGCTTCTGCCCACTGGCCCGCGCCCGCCGAAGACACCATTGAACGCTGTCTGAAGATTGCAGTCTGAACAATTAGTTAAATAATTTAAAACTTTCAACAACGGATCTCTTGGTTCCGGCATCGATGAAGAACGCAGCGAAATGCGATACGTAATGTGAATTGCAGAATTCAGTGAATCATCGAGTCTTTGAACGCACATTGCGCCCCCTGGTATTCCGGGGGGGCATGCCTGTCCGAGCGTCATTGCTGCCCTCAAGCACGGCTTGTGTGTTGGGCCTCCGTCCTCCTCCCGGGGGACGGNCCCGAAAGGGAGCGGCGGCACCGCGTCCGGGCCTCGAGCGTATGGAGCTTCGT
k__Fungi,p__Ascomycota,c__Pezizomycetes,o__Pezizales,f__Pyronemataceae,g__Pustularia,NA,TATATATTCATTTGAATATACATTTCAAACCCCCTTGTCTAAACCACCTGTTGCTTCCGGCTGTTTGGGCTGTACAGTTAGCTGAATAGCCTGGCCGGAAGGTTAACATAAAATATTGTATTTAGAGTCTTCTGAATTTTTAAAATAGAAGTTAAAACTTTCAACAACGGATCTCTTGGTTCTCGCATCGATGAAGAACGCAGCGAAATGCGATAAGTAGTGTGATTGCAGATTCAGTGATCATCGATCTTTGAACGCACATTGCGCCTTCCGTATCCGGAGCTGCCTGCCGACGCTCAAAACCACTCAATAGTTTGTTGTCTGNAAAANTTGTTGAATTCCCTTCAATTCATGCGAAGCCTGTTCCGCGATATACTATCGTTGGCTTGATATCTGCTCACCCATCATGTGCCCGTAGAGGTACCGTGA
k__Fungi,p__Basidiomycota,c__Agaricomycetes,o__Agaricales,f__Psathyrellaceae,g__Coprinopsis,s__atramentaria,ATTGATAATCTGACATGGGTTGTAGCTGGCCCTCCGGGCATGTGCACACCCGTCACCTTTATCTTTCCACCTGTGCACACACTGTAGTCCTGGATACCCCTCGCCGGAAGGCGGACTTGCGGTTTGCCGTTTGCCCCTCAGGCTCGGCTCACTCTGAATTTCCAGGTCTATGATCTCACACACCCCCAAAGAATGTAACAGAATGTCATCACAGGGCCCTCGTGCCTATATAAATTTATACAACTTTCAGCAACGGATCTCTTGGCTCTCGCATCGATGAAGAACGCAGCGAAATGCGATAAGTAATGTGAATTGCAGAATTCAGTGAATCATCGAATCTTTGAACGCACCTTGCGCTCCTTGGTATTCCGAGGAGCATGCCTGTTTGAGTGTCATTAAATTCTCAGCCTCACCAATTTTATCATGAAGTTGTGTGTAGGCTTGGAGGTGGGGGGTTTTTGCAGGTCCACAACAGTGGTCTGCTCCTCTGAAATGTATTAGTGGGTTAGGCCCCTAATCTATTGGTGTGATAATTATCTACTCCATGGATTGGATTGGCTTTATCATAAGACCTGCTTCAAACCGTCCTTAATCTGGACAACTCTTGACATTTTTGACCTCAAATCAGGTAAGACTACCCGCTGAACTTAAG
k__Fungi,p__Ascomycota,c__Pezizomycetes,o__Pezizales,f__Pyronemataceae,NA,NA,AAACCCCCTTGTCTAAACCACCTNTTGCTTCCGGCTGTTTGGGCTGTACAGTTAGCTGAATAGCCTGGCCGGAAGGTTAACATAAAATATTGTATTTAGAGTCTTCTGAATTTTTAAAATAAAAGTTAAAACTTTCAACAACGGATCTCTTGGTTCTCGCATCGATGAAGAACGCAGCGAAATGCGATAAGTAGTGTGAATTGCAGATTCAGTGATCATCGATCTTTGAACGCACTTGCGCCTTCCGGATTCCGGGAGCTGCCTGCCGACGCTCAAAACCACCAATAGTTTGTTGGCTGAAAAAGTTGTTGAATTCCCTTCGAATCATGCGAAGCCTGTTCCGCGAGATACTATCGTTGTCTTGATATCTGCCAACCCCATTTAGGTTGCCCGTCGGAGAACCGTGACTACTTTATNNGAAGNCCTNAACCCAAATTGTCTAACCGGACAAAATTCTTTCATTGCCCGTCCGGGGACCTGCAGTTTAAA
k__Fungi,p__Ascomycota,c__Pezizomycetes,o__Pezizales,f__Pyronemataceae,g__Lasiobolidium,s__spirale,CGCGCGACCTCCATANCCCACCTCTGTGTACCTTTTCCTGTTGCTTCCGCGAGCNTCGAGGTTAACGCCTCGGACGCCGGCTGCGATGCCACTTCCGGCAGTCGCCTCCGTGGAGTGCTTGCGGGAGGTCTAAACGAAATCCAATTGTAATACATAGCGTCTGTCTGACTGTATATAATAATAAAAGTTAAAACTTTCAACAACGGATCTCTTGGTTCTCGCATCGATGAAGAACGCAGCGAAATGCGATAAGTAGTGTGAATTGCAGAATTCCGTGAATCATCGAATCTTTGAACGCACATTGCGCCTCCTGGTACTCCGNNGGCATGCCTGTCCGAGCGTCATTATAACCCTCTCAAGCGTCATTGCTTGGTCTTGGGCAGGTCCGTCCACCGCGGCGGACCGCTCCGAATTCCAATGGCAGACGATGGTGTCAAACGTCAGCGTAGTGAGCATTTTTATCAAAGCATCGCGAAGCGTCGTCACCCGTCCCGCCCAATGGANCCCTTCAATTCTAANTGTTGACCTCGGNTCAGGTANGGATACCCGCTGAACT
k__Fungi,p__Ascomycota,c__Dothideomycetes,o__Pleosporales,f__Thyridariaceae,NA,NA,CGCAGTGTACACTTGTAGAAGCCTTTGCAGCCACGCAAGTGTAGAACTAGGCGACTTTACATAATTCTAGGATCGCTATGCAAGTCGGTCCACGCGTGTGATGNNGCGACACTTTCGAATTGACGGGNTACCCTAAAGCCTGTCGCACCAACTCTGTGCGGNAAACCGCTGGAGGGCCCGTGCTAACTACACGGNGTGNTAACAGACGACATGNATACCTCCACGCCTTTGGTGTGGATACCATGGGCAATCCGCAGCGAAGCCTCTAAGTCCGGCCGCCGGATATGAGGAACGTTCACAGACTAAGTGNAAGTGCGTGGAGCGTTCGTCGCTTTGCTTAAGATATAGTCGGNCCCTTGGNAAACTAAGGGGTGAGTACACTGCTTGAAATTTAAACTTGAACGTGTCTCGGTCTCGGACAGCGCTTATGTTAAAATTTCGAGACTGTCGACTGCCTCGCGCGGTTCGACAGCTCTTAAAACGNTCCGTAGGTGAACCTGCGGAAGGATCATTACAGAAAGTAAACGCGGATCAAACCGCGAACTTCTAAACCTTTGACGATTGACTCATGTTGCTCGNCGGGTTCTCCCGCCAGAGNTAGATCAAAACTCCTGTTTTAACGGTGTTGTCTGAGCTACAAGCAACGAATCAAAACTTTCAACAACGGATCTCTTGNTCTGNATCGATGAAGAACGCAGCGAAATGCGATAAGTAGTGTGATTGCAGATTCAGTGATCATCGAATCTTTGAACGCACATTGCGCCCCTTGTATCCCGAGGGCATGCTGTTCGAGCGTCATTTCAC
k__Fungi,p__Ascomycota,c__Eurotiomycetes,o__Eurotiales,f__Aspergillaceae,g__Penicillium,NA,CTCCCACCCGTGTTTATCGTACCTTGTTGCTTCGGCGGGCCCGCCTCACGGCCGCCGNGGGGNATCCGCGCCCGGGCCCGCGCCCGCCGAAAACACCTGTGAGCGCTGTCTGAAGTTGTTGCTGCTGAACTAACTAAATAAATTAAAAATTTCTACAAAGGATCTCTTGGTTCCGGCATCGATGGATAAAGCACGCAAAGGGGATAAATAATGTGTATTGCAGAATTCAGTGAATCAATCATTCTTTGTACGCACATTGCTTCCTCCGGCTTCCGTCGGGATGCCTGCCCGACCGANTTGCTGCCCTCCATCACGCTTGTGTGTTG
