"","newfile","analyze","blast_seq","seq_quality","taxon","morphotype","seedling_id","seedling_sp","soil_type","percent_hq","percent_lq","Kingdom","Phylum","Class","Order","Family","Genus","Species"
"1","4418e_PP.scf",1,"ACATAAAATATTGTATTTAGAGTCTTCTGAATTTTTAAAATAAAAGTTAAAACTTTCAACAACGGATCTCTTGGTTCTCGCATCGATGAAGAACGCAGCGAAATGCGATAAGTAGTGTGAATTGCAGAATTCAGTGAATCATCGAATCTTTGAACGCACATTGCGCCTTCCGG","decent","Sphaerosporella","G",4418,"P","P",17.4,32.9,"k__Fungi","p__Ascomycota","c__Pezizomycetes","o__Pezizales","f__Pyronemataceae","g__Pustularia",NA
"2","4418d_PP.scf",1,"CGCTGGCCTTCGGGCATGTGCACGCCGACCGTGTTTCATAAATTTCTCACCTGTGAACCTAATGTAGGATGCCTATTCCTTTGGGATAGGGGACCTATGTCTTCATATACATCTCCGTGTAGAAAGTCTTAGAATGTTTACTATCATAGAGTCGCGACTTCTAGGAGACGCGAATCTGTGAGATAAAAGTTATTACAACTTTCAGCAATGGATCTCTTGGCTCTCGCATCGATGAAGAACG","great","Rhizopogon","G",4418,"P","P",42.5,44.9,"k__Fungi","p__Basidiomycota","c__Agaricomycetes","o__Boletales","f__Rhizopogonaceae","g__Rhizopogon","s__hawkerae"
"3","4418c_PP.scf",1,"TGTGCACGCCGACCGTGTTTCATAAATTTCTCACCTGTGAACCTAATGTAGGATGCCTATTCCTTTGGGATAGGGGACCTATGTCTTCATATACATCTCCGTGTAGAAAGTCTTAGAATGTTTACTATCATAGAGTGGCGACTTCTAGGAGACGCGAATCTGTGAGATAAAAGTTATTACAACTTTCAGCAATGGATCTCTTGGCTCTCGCATCGATGAAGAACGCAGCGAAAAGCGATATGTAATGTGAATTGCAGATCTACAGTGAATCATCGAATCTTTGAACGCACCTTGCGCTCCTCGGTGTTCCGAGGAGCATGCCTGTTTGAGTGTCAGTAA","great","Rhizopogon","G",4418,"P","P",39,13.2,"k__Fungi","p__Basidiomycota","c__Agaricomycetes","o__Boletales","f__Rhizopogonaceae","g__Rhizopogon",NA
"4","4418b_PP.scf",1,"GTTTACTATCATAGAGTCGCGACTTCTAGGAGACGCGAATCTGTGAGATAAAAGTTATTACAACTTTCAGCAATGGATCTCTTGGCTCTCGCATCGATGAAGAACGCAGCGAAAAGCGATATGTAATGTGAATTGCAGATCTACAGTGAATCATCGAATCTTTGAACGCACCTTGCGCTCCTCGGTGTTCCGAGGAGCAT","great","Rhizopogon","G",4418,"P","P",31.9,16.1,"k__Fungi","p__Basidiomycota","c__Agaricomycetes","o__Boletales","f__Rhizopogonaceae","g__Rhizopogon",NA
"5","4383h_PP.scf",1,"TGTTTCATAAATTTCTCACCTGTGAACCTAATGTAGGATGCCTATTCCTTTGGGATAGGGGACCTATGTCTTCATATACATCTCCGTGTAGAAAGTCTTAGAATGTTTACTATCATAGAGTCGCGACTTCTAGGAGACGCGAATCTGTGAGATAAAAGTTATTACAACTTTCAGCAATGGATCTCTTGGCTCTCGCATCGATGAAGAACGCAGCGAAAAGCGATATGTAATGTGAATTGCAGATCTACAGTGAATCATCGAATCTTTGAACGCACCTTGCGCTCCTCGGTGTTCCGAGGAGCATGCCTGTTTGAGTGTCA","great","Rhizopogon","G",4383,"P","P",55.6,8,"k__Fungi","p__Basidiomycota","c__Agaricomycetes","o__Boletales","f__Rhizopogonaceae","g__Rhizopogon",NA
"6","4383g_PP.scf",0,"AAAGTCTTAGAATGTTTACTATCATAGAGTCGCGACTTCTAGGAGACGCGAATCTGTGAGATAAAAGTTATTACAACTTTCAGCAATGGATCTCTTGGCTCTCGCATCGATGAAGAA","good","Rhizopogon","G",4383,"P","P",5,26.1,"k__Fungi","p__Basidiomycota","c__Agaricomycetes","o__Boletales","f__Rhizopogonaceae","g__Rhizopogon",NA
"7","4383c_PP.scf",1,"ATTACAACTTTCAGCAATGGATCTCTTGGCTCTCGCATCGATGAAGAACGCAGCGAAAAGCGATATGTAATGTGAATTGCAGATCTACAGTGAATCATCGAATCTTTGAACG","good","Rhizopogon","G",4383,"P","P",27.8,15.7,"k__Fungi","p__Basidiomycota","c__Agaricomycetes","o__Boletales","f__Rhizopogonaceae","g__Rhizopogon","s__roseolus"
"8","4377h_PP.scf",1,"GCTGCTGCCCGCGAGTGGCTACTGGGAAAGGTCTTATTTAACACCTTCAATTGAATTTGCTGTCTGAGT","good","Tuber","J",4377,"P","P",7.9,50.4,"k__Fungi",NA,NA,NA,NA,NA,NA
"9","4377e_PP.scf",1,"GGAGACGCGAATCTGTGAGATAAAAGTTATTACAACTTTCAGCAATGGATCTCTTGGCTCTCGCATCGATGAAGAACGCAGCGAAAAGCGATATGTAATGTGAATTGCAGATCTACAGTGAATCATCGAATCTTTGAACGCACCTTGCGCTCCTCGGTGTTCCGAGGAGCATGCCT","great","Rhizopogon","G",4377,"P","P",22,41.3,"k__Fungi","p__Basidiomycota","c__Agaricomycetes","o__Boletales","f__Rhizopogonaceae","g__Rhizopogon",NA
"10","4377d_PP.scf",1,"AGGAGACGCGAATCTGTGAGATAAAAGTTATTACAACTTTCAGCAATGGATCTCTTGGCTCTCGCATCGATGAAGAACGCAGCGAAAAGCGATATGTAATGTGAATTGCAGATCTACAGTGAATCATCGAATCTTTGAACGCACCTTGCGCTCCTCGGTGTTCCGAGGAGC","great","Rhizopogon","G",4377,"P","P",20.3,40.4,"k__Fungi","p__Basidiomycota","c__Agaricomycetes","o__Boletales","f__Rhizopogonaceae","g__Rhizopogon",NA
"11","4377c_PP.scf",1,"TTCTAGGAGACGCGAATCTGTGAGATAAAAGTTATTACAACTTTCAGCAATGGATCTCTTGGCTCTCGCATCGATGAAGAACGCAGCGAAAAGCGATATGTAATGTGAATTGCAGATCTACAGTGAATCATCGAATCTTTGAACGCACCTTGCGCTCCTCGGTGTTCCGAGGAGCATGCCTGTTTGAGTGTCAGTAAATTCTCAACCCCTCTTGATTGAGGGAGTTTGGATAGTGGGGGTTTGCCGGAGACT","great","Rhizopogon","G",4377,"P","P",22.3,39.3,"k__Fungi","p__Basidiomycota","c__Agaricomycetes","o__Boletales","f__Rhizopogonaceae","g__Rhizopogon","s__hawkerae"
"12","4377b_PP.scf",1,"AGGAGACGCGAATCTGTGAGATAAAAGTTATTACAACTTTCAGCAATGGATCTCTTGGCTCTCGCATCGATGAAGAACGCAGCGAAAAGCGATATGTAATGTGAATTGCAGATCTACAGTGAATCATCGAATCTTTGAACGCACCTTGCGCTCCTCGGTG","great","Rhizopogon","G",4377,"P","P",20.2,47.1,"k__Fungi","p__Basidiomycota","c__Agaricomycetes","o__Boletales","f__Rhizopogonaceae","g__Rhizopogon",NA
"13","4377a_PP.scf",1,"AGGAGACGCGAATCTGTGAGATAAAAGTTATTACAACTTTCAGCAATGGATCTCTTGGCTCTCGCATCGATGAAGAACGCAGCGAAAAGCGATATGTAATGTGAATTGCAGATCTACAGTGAATCATCGAATCTTTGAACGCACCTTGCGCTCCTCGGTGTTCCGAGGAGCATGCCTGTTTGAGTGTCAGTAAATTCTCAACCCCTCTTGATTGAGGGAGTTTGGATAGTGGGGGTTTGCCGGAGACTTTTTGACTCGGGCTCTCCTGAAATGCATCGGCTTGCGGTCGACTTTCGACTATGCGCGACAAGGCTTTCGGCGTGATAATGATC","great","Rhizopogon","G",4377,"P","P",37.3,29.3,"k__Fungi","p__Basidiomycota","c__Agaricomycetes","o__Boletales","f__Rhizopogonaceae","g__Rhizopogon","s__hawkerae"
"14","4348c_PP.scf",1,"TAGGAGACGCGAATCTGTGAGATAAAAGTTATTACAACTTTCAGCAATGGATCTCTTGGCTCTCGCATCGATGAAGAACGCAGCGAAAAGCGATATGTAATGTGAATTGCAGATCTACAGTGAATCATCGAATCTTTGAACGCACCTTGCGCTCCTCGGTGTTCCGAGGAGCATGCCTGTTTGAGTGTC","great","Rhizopogon","G",4348,"P","P",16.4,19.5,"k__Fungi","p__Basidiomycota","c__Agaricomycetes","o__Boletales","f__Rhizopogonaceae","g__Rhizopogon",NA
"15","4348a_PP.scf",1,"AGGACCAACTCCAATCTCGGTATATCCAGCGCAAGAGAAGTCTGACTTTGGCCGCGCGCCATCAGTATCAAGGTACTTAAAACTTTCAACAACGGATCTCTTGGTTCTCGCATCGATGAAGAACGCAG","good","Choiromyces","G",4348,"P","P",18.1,31.8,"k__Fungi","p__Ascomycota","c__Pezizomycetes","o__Pezizales","f__Tuberaceae","g__Choiromyces",NA
"16","4234h_PP.scf",1,"TAGGAGACGCGAATCTGTGAGATAAAAGTATTACAACTTTCAGCAATGGACTCTTGGCTCTCGCATCGATGAAGAACGCAGCGAAAAGCGATATGTAATGTGAATTGCAGATCTACAGTGAATCATCGAATCTTTGAACGCACCTTGCGCTCCTC","good","Rhizopogon","G",4234,"P","P",21.8,45.7,"k__Fungi","p__Basidiomycota","c__Agaricomycetes","o__Boletales","f__Rhizopogonaceae","g__Rhizopogon",NA
"17","4234e_PP.scf",0,"CTTCTAGGAGACGCGATCTGTGAGTAAAAGTATACAACTTTCAGCATGGTCTCTGGTCTCGCTCGTGAAGAACGCAGC","decent","none","G",4234,"P","P",3.1,86.2,"k__Fungi","p__Basidiomycota","c__Agaricomycetes",NA,NA,NA,NA
"18","4234d_PP.scf",1,"AGACGCGAATCTGTGAGATAAAAGTTATTACAACTTTCAGCAATGGATCTCTTGGCTCTCGCATCGATGAAGAACGCAGCGAAAAGCGATATGTAATGTGAATTGCAGATCTACAGTGAATCATCGAATCTTTGAACGC","good","Rhizopogon","G",4234,"P","P",13.2,41.9,"k__Fungi","p__Basidiomycota","c__Agaricomycetes","o__Boletales","f__Rhizopogonaceae","g__Rhizopogon",NA
"19","4234c_PP.scf",1,"TCTAGGAGACGCGAATCTGTGAGATAAAAGTTATTACAACTTTCAGCAATGGATCTCTTGGCTCTCGCATCGATGAAGAACGCAGCGAAAAGCGATATGTAATGTGAATTGCAGATCTACAGTGAATCATCGAATCTTTGAACGCA","good","Rhizopogon","G",4234,"P","P",18.4,45.2,"k__Fungi","p__Basidiomycota","c__Agaricomycetes","o__Boletales","f__Rhizopogonaceae","g__Rhizopogon",NA
"20","4234b_PP.scf",1,"AGGAGACGCGAATCTGTGAGATAAAAGTTATTACAACTTTCAGCAATGGATCTCTTGGCTCTCGCATCGATGAAGAACGCAGCGAAAAGCGATATGTAATGTGAATTGCAGATCTACAGTGAATCATCGAATCTTTGAACGCACCTTGCGCTCCTCGGTGTTCCGAGGAGCATGCCTGTTTGAGTGTCAGT","great",NA,"G",4234,"P","P",35.2,30,"k__Fungi","p__Basidiomycota","c__Agaricomycetes","o__Boletales","f__Rhizopogonaceae","g__Rhizopogon",NA
"21","4234a_PP.scf",1,"CTAGGAGACGCGAATCTGTGAGATAAAAGTATTACAACTTTCAGCAATGGATCTCTTGGCTCTCGCATCGATGAAGAACGCAGCGAAAAGCGATATGTAATGTGAATTGCAGATCTACAGTGAATCATCGAATCT","good",NA,"G",4234,"P","P",11.4,56.4,"k__Fungi","p__Basidiomycota","c__Agaricomycetes","o__Boletales","f__Rhizopogonaceae","g__Rhizopogon",NA
"22","4216e_PP.scf",1,"TTTCATAAATTTCTCACCTGTGAACCTAATGTAGGATGCCTATTCCTTTGGGATAGGGGACCTATGTCTTCATATACATCTCCGTGTAGAAAGTCTTAGAATGTTTACTATCATAGAGTCGCAACTTCTAGGAGACGCGAATCTGTGAG","good",NA,"G",4216,"P","P",30.3,56.5,"k__Fungi","p__Basidiomycota","c__Agaricomycetes","o__Boletales","f__Rhizopogonaceae","g__Rhizopogon",NA
"23","4208g_PP.scf",0,"GTGTTTCATAAATTTCTCACCTGTGAACCTAATGTAGGATGCCTATTCCTTTGGGATAGGGGACCTATGTCTTCATATACATCTCCGTGTAGAAAGTCTTAGAATGTTTACTATCATAGAGTCGCTACTTCTAGGAGACGC","decent",NA,"G",4208,"P","P",3.4,40.6,"k__Fungi","p__Basidiomycota","c__Agaricomycetes","o__Boletales","f__Rhizopogonaceae","g__Rhizopogon",NA
"24","4208a_PP.scf",1,"TTCGGGCATGTGCACGCCGACCGTGTTTCATAAATTTCTCACCTGTGAACCTAATGTAGGATGCCTATTCCTTTGGGATAGGGGACCTATGTCTTCATATACATCTCCGTGTAGAAAGTCTTAGAATGTTTACTATCATAGAGTCGCGACTTCTAGGAGACGCGAATCTGTGAGATAAAAGTTATTACAACTTTCAGCAATGGATCTCTTGGCTCTCGCATCGATGAAGAACGCAGCGAAAAGCGATATGTAATGTGAATTGCAGATCTACAGTG","great",NA,"G",4208,"P","P",57.8,8.2,"k__Fungi","p__Basidiomycota","c__Agaricomycetes","o__Boletales","f__Rhizopogonaceae","g__Rhizopogon","s__hawkerae"
"25","4202h_PP.scf",1,"AGGAGACGCGAATCTGTGAGATAAAAGTTATTACAACTTTCAGCAATGGATCTCTTGGCTCTCGCATCGATGAAGAACGCAGCGAAAAGCGATATGTAATGTGAATTGCAGATCTACAGTGAATCATCGAATCTTTGAACGCACCTTGCGCT","good",NA,"G",4202,"P","P",22.8,42.7,"k__Fungi","p__Basidiomycota","c__Agaricomycetes","o__Boletales","f__Rhizopogonaceae","g__Rhizopogon",NA
"26","4202g_PP.scf",1,"AGGAGACGCGAATCTGTGAGATAAAAGTTATTACAACTTTCAGCAATGGATCTCTTGGCTCTCGCATCGATGAAGAACGCAGCGAAAAGCGATATGTAATGTGAATTGCAGATCTACAGTGAATCATCGAATCTTTGAACGCACCTTGCGCTCCTC","great",NA,"G",4202,"P","P",39.7,29.8,"k__Fungi","p__Basidiomycota","c__Agaricomycetes","o__Boletales","f__Rhizopogonaceae","g__Rhizopogon",NA
"27","4202d_PP.scf",1,"ACATTCTCTAAAACAAAACTTTCAACAATGGATCTCTTGGCTCTGGCATCGATGAAGAACGCAGCGAAATGCGATACTTAATGGAAATTGCATACGTGAGTCATCGAGTTTTTGAACGCACATTGCGCCGCTTAGCGGCACGTGGGAGTGAGCGTCATTTGTAGATTGTGACTTCAATCGATTCACTAAATACATGGCAAGCACATTGAATGGTGCTGAAGCAATAATTTTTGACCTCATTCTCACGGGGACACCCGCTGAACTTAAG","good",NA,"G",4202,"P","P",25.6,47.6,"k__Fungi",NA,NA,NA,NA,NA,NA
"28","4202c_PP.scf",1,"AGGAGACGCGAATCTGTGAGATAAAAGTTATTACAACTTTCAGCAATGGATCTCTTGGCTCTCGCATCGATGAAGAACGCAGCGAAAAGCGATATGTAATGTGAATTGCAGATCTACAGTGAATCATCGAATCTTTGAACGCACCTTGCGCTCCTCGGTGTTCCGAGGAGCATGCCTGTTTGAGTGTCA","good",NA,"G",4202,"P","P",33.3,30.4,"k__Fungi","p__Basidiomycota","c__Agaricomycetes","o__Boletales","f__Rhizopogonaceae","g__Rhizopogon",NA
"29","4202b_PP.scf",0,"AACGCACATTGCGCCCGCCAGTACGCCGGCGGGCACGCCGGAGGGACTGCCAGTTCAACCACTAAGCCATCGGCTTGGGCTGGATCGCTA","bad",NA,"J",4202,"P","P",4.9,69.3,"k__Fungi","p__Ascomycota",NA,NA,NA,NA,NA
"30","4201h_PP.scf",1,"CTGTCGCTGGCCTTCGGGCATGTGCACGCCGACCGTGTTTCATAAATTTCTCACCTGTGAACCTAATGTAGGATGCCTATTCCTTTGGGATAGGGGACCTATGTCTTCATATACATCTCCGTGTAGAAAGTCTTAGAATGTTTACTATCATAGAGTCGCGACTTCTAGGAGACGCGAATCTGTGAGATAAAAGTTATTACAACTTTCAGCAATGGATCTCTTGGCTCTCGCATCGATGAAGAACGCAGCGAAAAGCGATATGTAATGTGAATTGCAGATCTACAGTGAATCATCGAATCTTTGAACGCACCTTGCGCTCCTCGGTGTTCCGAGGAGCATGCCTGTTTGAGTGTCAGTAAATTCTCAACCCCTCTTGATTGAGGGAGTTTGGATAGTGGGGGTTTGCC","great",NA,"G",4201,"P","P",62.7,6.7,"k__Fungi","p__Basidiomycota","c__Agaricomycetes","o__Boletales","f__Rhizopogonaceae","g__Rhizopogon","s__hawkerae"
"31","4201g_PP.scf",1,"CGGAAAGCTGTCGCTGGCCTTCGGGCATGTGCACGCCGACCGTGTTTCATAAATTTCTCACCTGTGAACCTAATGTAGGATGCCTATTCCTTTGGGATAGGGGACCTATGTCTTCATATACATCTCCGTGTAGAAAGTCTTAGAATGTTTACTATCATAGAGTCGCGACTTCTAGGAGACGCGAATCTGTGAGATAAAAGTTATTACAACTTTCAGCAATGGATCTCTTGGCTCTCGCATCGATGAAGAACGCAGCGAAAAGCGATATGTAATGTGAATTGCAGATCTACAGTGAATCATCGAATCTTTGAACGCACCTTGCGCTCCTCGGTGTTCCGAGGAGCATGCCTGTTTGAGTGTCAGTAAATTCTCAACCCCTCTTGATTGAGGGAGTTTGGATAGT","great",NA,"G",4201,"P","P",67.6,6.3,"k__Fungi","p__Basidiomycota","c__Agaricomycetes","o__Boletales","f__Rhizopogonaceae","g__Rhizopogon","s__hawkerae"
"32","4201f_PP.scf",1,"CTAGGAGACGCGAATCTGTGAGATAAAAGTTATTACAACTTTCAGCAATGGATCTCTTGGCTCTCGCATCGATGAAGAACGCAGCGAAAAGCGATATGTAATGTGAATTGCAGATCTACAGTGAATCATCGAATCTTTG","good",NA,"G",4201,"P","P",39,10.1,"k__Fungi","p__Basidiomycota","c__Agaricomycetes","o__Boletales","f__Rhizopogonaceae","g__Rhizopogon",NA
"33","4201e_PP.scf",1,"AGTTATTACAACTTTCAGCAATGGATCTCTTGGCTCTCGCATCGATGAAGAACGCAGCGAAAAGCGATATGTAATGTGAATTGCAGATCTACAGTGAATCATCGAATCTTTGAACGCACCTTGCGCTCCTCGGTGTTCCGAGGAGCATGCCTGTTTGAGTG","good",NA,"G",4201,"P","P",31.4,14.4,"k__Fungi","p__Basidiomycota","c__Agaricomycetes","o__Boletales","f__Rhizopogonaceae","g__Rhizopogon",NA
"34","4201d_PP.scf",1,"GGAAAGCTGTCGCTGGCCTTCGGGCATGTGCACGCCGACCGTGTTTCATAAATTTCTCACCTGTGAACCTAATGTAGGATGCCTATTCCTTTGGGATAGGGGACCTATGTCTTCATATACATCTCCGTGTAGAAAGTCTTAGAATGTTTACTATCATAGAGTCGCGACTTCTAGGAGACGCGAATCTGTGAGATAAAAGTTATTACAACTTTCAGCAATGGATCTCTTGGCTCTCGCATCGATGAAGAACGCAGCGAAAAGCGATATGTAATGTGAATTGCAGATCTACAGTGAATCATCGAATCTTTGAACGCACCTTGCGCTCCTCGGTGTTCCGAGGAGCATGCCTGTTTGAGTGTCAGTAAATTCTCAACCCCTCTTGATTGAGGGA","good",NA,"G",4201,"P","P",62.1,7.6,"k__Fungi","p__Basidiomycota","c__Agaricomycetes","o__Boletales","f__Rhizopogonaceae","g__Rhizopogon","s__hawkerae"
"35","4201c_PP.scf",1,"CGCTGGCCTTCGGGCATGTGCACGCCGACCGTGTTTCATAAATTTCTCACCTGTGAACCTAATGTAGGATGCCTATTCCTTTGGGATAGGGGACCTATGTCTTCATATACATCTCCGTGTAGAAAGTCTTAGAATGTTTACTTTCATAGAGTGCGACTTCTAGGAGACGCGAATCTGTGAGATAAAAGTTATTACAACTTTCAGCAATGGATCTCTTGGCTCTCGCATCGATGAAGAACGCAGCGAAAAGCGATATGTAATGTGAATTGCAGATCTACAGTGAATCATCGAATC","good",NA,"G",4201,"P","P",18.3,17,"k__Fungi","p__Basidiomycota","c__Agaricomycetes","o__Boletales","f__Rhizopogonaceae","g__Rhizopogon","s__hawkerae"
"36","4201b_PP.scf",1,"CGCTGGCCTTCGGGCATGTGCACGCCGACCGTGTTTCATAAATTTCTCACCTGTGAACCTAATGTAGGATGCCTATTCCTTTGGGATAGGGGACCTATGTCTTCATATACATCTCCGTGTAGAAAGTCTTAGAATGTTTACTATCATAGAGTCGCGACTTCTAGGAGACGCGAATCTGTGAGATAAAAGTTATTACAACTTTCAGCAATGGATCTCTTGGCTCTCGCATCGATGAAGAACGCAGCGAAAAGCGATATGTAATGTGAATTGCAGATCTACAGTGAATCATCGAATCTTTGAAC","great",NA,"G",4201,"P","P",60,7.9,"k__Fungi","p__Basidiomycota","c__Agaricomycetes","o__Boletales","f__Rhizopogonaceae","g__Rhizopogon","s__hawkerae"
"37","4201a_PP.scf",1,"GCTGTCGCTGGCCTTCGGGCATGTGCACGCCGACCGTGTTTCATAAATTTCTCACCTGTGAACCTAATGTAGGATGCCTATTCCTTTGGGATAGGGGACCTATGTCTTCATATACATCTCCGTGTAGAAAGTCTTAGAATGTTTACTATCATAGAGTCGCGACTTCTAGGAGACGCGAATCTGTGAGATAAAAGTTATTACAACTTTCAGCAATGGATCTCTTGGCTCTCGCATCGATGAAGAACGCAGCGAAAAGCGATATGTAATGTGAATTGCAGATCTACAGTGAATCATCGAATCTTTGAACGCACCTTGCGCTCCTCGGTGTTCCGAGGAGCATGCCTGTTTGAGTGTCAGTAAATTCTCAACCCCTCTTGATTGAGGGAGTTTGGATAGTGGGGGTTTGCCGGAGACTTTTT","great",NA,"G",4201,"P","P",56.2,5.6,"k__Fungi","p__Basidiomycota","c__Agaricomycetes","o__Boletales","f__Rhizopogonaceae","g__Rhizopogon","s__hawkerae"
"38","4173a_QP.scf",0,"TGACTGAGTAAAAATTTTTATTAAATAATTACTTTTATCAACGGATCTCTTCTTGCTGCG","bad",NA,"B",4173,"Q","P",3.1,71.7,"k__Fungi",NA,NA,NA,NA,NA,NA
"39","4022g_QP.scf",1,"AAAATATTGTATTTAGAGTCTTCTGAATTTTTAAAATAGAAGTTAAAACTTTCAACAACGGATCTCTTGGTTCTCGCATCGATGAAGAACGCAGCGAAATGCGATAAGTAGTGTGAATTGCAGAATTCAGTGAAT","good",NA,"L",4022,"Q","P",22.5,25,"k__Fungi","p__Ascomycota","c__Pezizomycetes","o__Pezizales","f__Pyronemataceae","g__Pustularia",NA
"40","3892e_PQ.scf",1,"AACCCCTGTGAACATACCATTATCGTTGCCTCGGCGGTGCCCGCTTCGGCGGCCCGCCAGAGGACTCAAACCCTTGAATTTTTACAGTTGTCTTCTGAGTACATGATTAAATCAATCAAAACTTTCAACAACGGATCTCTTGGCTCTGGCATCGATGAAGAACGCAGCGAAATGCGATAAGTAATGTGAATTGCAGAATTCAGTGAATCATCGAATCTTTGAACGCACATTGCGCCCGCCAGTATTCTGGCGGGCATGCCTGTTCGAGCGTCATTTCAACCCTCAAGCCCCCGGGCTTGGTGTTGGAGATCGGCGGGCCCTCCGGGGCGCGCCGCCTCCCAAATATAGTGGCGGTCTCGCTGTAGCTTCCTCTGCGTAGTAGCACACCTCGCACTG","great",NA,"G",3892,"P","Q",63.3,20.5,"k__Fungi","p__Ascomycota","c__Sordariomycetes","o__Hypocreales","f__Nectriaceae","g__Ilyonectria","s__lusitanica"
"41","3886h_PQ.scf",1,"ACAGTATCTTCTGAGTAAATGATTAAATAAATCAAAACTTTCAACAACGGATCTCTTGGTTCTGGCATCGATGAAGAACGCAGCGAAATGCGATAAGTAATGTGAATTGCAGAATTCAGTGAATCATCGAATCTTTGAACGCACATTGCGCCCGCCAGT","good",NA,"Q",3886,"P","Q",36.8,20.6,"k__Fungi","p__Ascomycota","c__Sordariomycetes","o__Hypocreales","f__Nectriaceae",NA,NA
"42","3678h_QQ.scf",1,"CATAAAATATTGTATTTAGAGTCTTCTGAATTTTTAAAATAAAAGTTAAAACTTTCAACAACGGATCTCTTGGTTCTCGCATCGATG","decent",NA,"D",3678,"Q","Q",18.6,21.9,"k__Fungi","p__Ascomycota","c__Pezizomycetes","o__Pezizales","f__Pyronemataceae","g__Pustularia",NA
"43","3678g_QQ.scf",1,"GTTAACATAAAATATTGTATTTAGAGTCTTCTGAATTTTTAAAATAAAAGTTAAAACTTTCAACAACGGATCTCTTGGTTCTCGCATCGATGAAGAACGCAGCGAA","great",NA,"C",3678,"Q","Q",50,18.1,"k__Fungi","p__Ascomycota","c__Pezizomycetes","o__Pezizales","f__Pyronemataceae","g__Pustularia",NA
"44","3659g_QQ.scf",1,"TACCCCGTTGCTTTCCACTGGACATGTTTTTGTTACCTTGTGTAAAGAGACCTTTGGCTTGTGTGAATTTCATACATGCCAGAGAGCTGCCAGTGGTAAGACTATATACCAAAACTTGATTATAAAAACACACATTTGTCTGAATCTATTGCTTCAAATGAAATAAAACTTTCAACAACGGATCTCTAGGCTCTTGCATCGATGAAGAACGCAGTGAAATGCGATAAGTAATGTGAATTGCAGAATCTCGTGAATCATCGAATCTTTGAACGCACATTGCGCCCTATGGTATTCCGTAGGGCATGCCTGTCTGAGCGTCAGCTACCCCCCAACTCTAGTATCCTTTTGTGATGCTTGGAATCCTTT","good",NA,"A",3659,"Q","Q",63.3,11.7,"k__Fungi","p__Ascomycota","c__Pezizomycetes","o__Pezizales","f__Pezizaceae",NA,NA
"45","3659f_QQ.scf",1,"TGACCAAAACCCTCTCTGCGTACCAATCTATGTTGCTTTCCTAGGTGGTTGGTTTCAGCTGCCGTCCAACATTGCCTGCTAGCTCAGTCAGCCCGAGTGGTTAACTCGGAGTTTGATCTTTTTTACTGATGGGTTAAGCTTTAATCGGTCAGCGAGCTTAATTTATGTCCATCAGGATCAGCTATGCAGGCCCCTGGGAAAGGGTCCATCCCAAATGAATATGCCAATCAGCTGTCTGAGTTGGCCTTGTGCCTTATTCTTTGAACAAGTTAAAACTTTCAACAACGGATCTCTTGGCTCTCGCATCGATGAAGAACGCAGCGAAATGCGATAAGTAATGTGAATTGCAGAATTCAGTGAATCATCGAATCTTTGAAC","great",NA,"N",3659,"Q","Q",63.7,5.9,"k__Fungi","p__Ascomycota","c__Pezizomycetes","o__Pezizales","f__Tuberaceae","g__Tuber","s__candidum"
"46","3659e_QQ.scf",1,"GAAAGGGTCCATCCCAAATGAATATGCCAATCAGCTGTCTGAGTTGGCCTTGTGCCTTATTCTTTGAACAAGTTAAAACTTTCAACAACGGATCTCTTGGCTCTCGCATCGATGAAGAACGCAGCGAAATGCGATAAGTAATGTGAATTGCAGAATTCAGTGAATCATCGAATCTTTGAACGCACA","good",NA,"N",3659,"Q","Q",31.2,13.3,"k__Fungi","p__Ascomycota","c__Pezizomycetes","o__Pezizales","f__Tuberaceae","g__Tuber",NA
"47","3659d_QQ.scf",1,"ATACATGCCAGAGAGCTGCCAGTGGTAAGACTATATACCAAAACTTGATTATAAAAACACACATTTGTCTGAATCTATTGCTTCAAATGAAATAAAACTTTCAACAACGGATCTCTAGGCTCTTGCATCGATGAAGAACGCAGTGAAATGCGATAAGTAATGTGAATTGCAGAATCTCGTGAATCATCGAATCTTTGAACGCACATTGCGCCCTATGGTATTCCGTAGGGCATGCCTGTCTGAGCGTCAGCTACCCCCCAACTCTAGTATCCTTTTGTGATGCTTGGAATCCTTT","good",NA,"D",3659,"Q","Q",70.4,6.5,"k__Fungi","p__Ascomycota","c__Pezizomycetes","o__Pezizales","f__Pezizaceae",NA,NA
"48","3659c_QQ.scf",1,"AAGAACGCAGTGAAATGCGATAAGTAATGTGAATTGCAGAATCTCGTGAATCATCGAATCTTTGAACGCACATTGCGCCCTATGGTATTCCGTAGGGCATGCCTGTCTGAGCGTCAGCTACCCCCCAACTCTAGTATCCTTTTGTGATGCTTGGAATCCTTT","good",NA,"D",3659,"Q","Q",32.7,17.2,"k__Fungi","p__Ascomycota","c__Pezizomycetes","o__Pezizales","f__Pezizaceae",NA,NA
"49","3652h_QQ.scf",1,"TCAACTCTGCATGCCCTGCGTCTGAGTGATAGATACAAATCAATCAAAACTTTCAACAACGGATCTCTTGGTTCTGGCATCGATGAAGAACGCAGCGAAATGCGATAAGT","decent",NA,"N",3652,"Q","Q",28.3,21.1,"k__Fungi","p__Ascomycota","c__Dothideomycetes","o__Dothideales","f__Dothideales_fam_Incertae_sedis","g__Hortaea","s__thailandica"
"50","3652f_QQ.scf",0,"AAAACTTTCAACAACGGATCTCTTGGTTCTCGCATCGATGAAGAACGCAGCGAAATGCGATAAGTAGTGTGAATTGCAG","bad",NA,"E",3652,"Q","Q",4,55.2,"k__Fungi","p__Ascomycota","c__Pezizomycetes","o__Pezizales","f__Pyronemataceae",NA,NA
"51","3641b_QQ.scf",1,"GGATACATCAAAACTCCTGTTTTAACGGTGTTGTCTGAGCTACAAGCAACGAATCAAAACTTTCAACAACGGATCTCTTGGTTCTGGCATCGATGAAGAACGCAGCGAAATGCGATAAGTAGTGTGAATTGCAGAATTCAGTGAATCATCGAATCTTTGAACGCACATTGCGCCCCTTGGTATCCCGAGGGGCATGCCTGTTCGAGCGTCATTTCACCACTCAAGCCTGGCTTGGTGTTGGGCGACGTC","great",NA,"A",3641,"Q","Q",57.6,23.7,"k__Fungi","p__Ascomycota","c__Dothideomycetes","o__Mytilinidales","f__Gloniaceae","g__Cenococcum",NA
"52","3608h_QQ.scf",1,"GTTAGCTGAATAGCCTGGCCGGAAGGTTAACATAAAATATTGTATTTAGAGTCTTCTGAATTTTTAAAATAAAAGTTAAAACTTTCAACAACGGATCTCTTGGTTCTCGCATCGATGAAGAACGCAGCGAAATGCGATAAGTAGTGTGAATTGCAGAATTCAGTGAATCATCGAATCTTTGAACGCACATTGCGCCTTCCGGTATTCCGGGAGGCATGCCTGTCCGAGCGTCATCAAAAACCACTCAAGTA","good",NA,"L",3608,"Q","Q",39.9,24.4,"k__Fungi","p__Ascomycota","c__Pezizomycetes","o__Pezizales","f__Pyronemataceae","g__Pustularia",NA
"53","3608g_QQ.scf",1,"AAACCTCTAGGTAAAACCTCAGGCTTGTGTGAACCACACTTTCCAGAGAGCTGCCAGTAGCAAGACCACTTGCTAAAACCTGTTGTGAAATATATAGTCTGAATTTTGTGTCTTGAAAATGAAATAAAACTTTCAACAACGGATCTCTAGGCTCTTGCATCGATGAAGAACGCAGTGAAATGCGATAAGTAATGTGAATTGCAGAATCTCGTGAATCATTGAATCTTTGAACGCACATTGCGCCCTATGGTATTCCATAGGGCATACCTGTTTGAGCGTTAGCTCCCCATATTCTCAAGCATTATTTTGTAATGCCTGGATTTGTTTGGAGAGGCACCTCTATCATAGAGGTACCCTTCAGAAATGTATATGGCAGTAT","great",NA,"D",3608,"Q","Q",58.4,9.9,"k__Fungi","p__Ascomycota","c__Pezizomycetes","o__Pezizales","f__Pezizaceae","g__Peziza","s__ostracoderma"
"54","3608e_QQ.scf",0,"TGAGTAAAAAATTTTAATAATTTATAACTTTTATCAACGCTTTACTTCTTGCGGGCATCAATGATGTA","bad",NA,"N",3608,"Q","Q",3.5,72.4,"k__Fungi",NA,NA,NA,NA,NA,NA
"55","3608d_QQ.scf",1,"AGCTGAATAGCCTGGCCGGAAGGTTAACATAAAATATTGTATTTAGAGTCTTCTGAATTTTTAAAATAAAAGTTAAAACTTTCAACAACGGATCTCTTGGTTCTCGCATCGATGAAGAACGCAGCGAAATGCGATAAGTAGTGTGAATTGCAGAATTCAGTGAATCATCGAATCTTTGAACGCACATTGCGCCTTCCGGTATTCCGGGAGGCATGCCTGTCCGAGCGTCATCAAAAACCACTCAAGTAGTTTTGCT","good",NA,"E",3608,"Q","Q",26.2,27.1,"k__Fungi","p__Ascomycota","c__Pezizomycetes","o__Pezizales","f__Pyronemataceae","g__Pustularia",NA
"56","3604f_QQ.scf",0,"GATAGATACATATCAATCAAAACTTTCAACAACGGATCTCTTGGTTCTGGCATC","bad",NA,"L",3604,"Q","Q",4.2,62.7,"k__Fungi","p__Ascomycota",NA,NA,NA,NA,NA
"57","3604a_QQ.scf",0,"TGATTTTTTTTTACCGATGGGCTACGCCTTAATTCTGCGCGAGCTAAGTAT","bad",NA,"N",3604,"Q","Q",3.8,72.4,"k__Fungi",NA,NA,NA,NA,NA,NA
"58","3579g_QQ.scf",1,"AAATGCGATAAGTAATGTGAATTGCAGAATTCAGTGAATCATCGAATCTTTGAACGCACCTTGCACTCCTTGGTATT","good",NA,"D",3579,"Q","Q",12.7,15.3,"k__Fungi","p__Basidiomycota","c__Agaricomycetes","o__Agaricomycetes_ord_Incertae_sedis","f__Agaricomycetes_fam_Incertae_sedis","g__Xenasmatella",NA
"59","3579a_QQ.scf",1,"ATATTGTATTTAGAGTCTTCTGAATTTTTAAAATAAAAGTTAAAACTTTCAACAACGGATCTCTTGGTTCTCGCATCGAT","decent",NA,"L",3579,"Q","Q",13,34.5,"k__Fungi","p__Ascomycota","c__Pezizomycetes","o__Pezizales","f__Pyronemataceae","g__Pustularia",NA
"60","3548f_QQ.scf",0,"ATCGAATCTTTGAACGCACATTGCGCCCCCCGGCACTCCGGGGGGCATGCCTGTTCGAGCGTCATTACACCACTCAAGCCTCGCTTGGTAT","decent",NA,"B",3548,"Q","Q",4,53,"k__Fungi","p__Ascomycota","c__Dothideomycetes","o__Dothideales","f__Dothideales_fam_Incertae_sedis","g__Hortaea","s__thailandica"
"61","3492b_QQ.scf",1,"CATAAAATATTGTATTTAGAGTCTTCTGAATTTTTAAAATAGAAGTTAAAACTTTCAACAACGGATCTCTTGGTTCTCGCATCGATGAAGAACGCAGC","good",NA,NA,NA,NA,NA,45.9,7.5,"k__Fungi","p__Ascomycota","c__Pezizomycetes","o__Pezizales","f__Pyronemataceae","g__Pustularia",NA
"62","3322c_PC.scf",1,"GATCTCTTGGCTCTCGCATCGATGAAGAACGCAGCGAAATGCGATAAGTAATGTGAATTGCAGAATTCAGTGAATCATCGAATCTTTGAACGCACCTTGCACCCTTTGGTATTCCGAAGGGTACGCCCGTTTGAG","good",NA,"Q",3322,"P","C",9.6,24.6,"k__Fungi","p__Basidiomycota","c__Agaricomycetes","o__Sebacinales","f__Serendipitaceae","g__Serendipita",NA
"63","3221g_QC.scf",1,"GAATTCAGTGAATCATCGAATCTTTGAACGCACATTGCGCCCGCCAGTATTCTGGCGGGCATGCCTGTTCGAGCGTCATTTCAACCCTCAAGCCCCCGGGCTTGGTGTTGGAGATCGGCGGGCCCTCCGGGGCGCGCCGCCTCCCAAATATAGTGGCGGTCTCGCTGTAGCTTCCTCTGCGTAGTAGCACACCTCGCAC","great",NA,"Q",3221,"Q","C",39.8,42.2,"k__Fungi","p__Ascomycota","c__Sordariomycetes","o__Hypocreales","f__Nectriaceae","g__Ilyonectria","s__lusitanica"
"64","3221f_QC.scf",1,"GTTGTCTTCTGAGTACATGATTAAATCAATCAAAACTTTCAACAACGGATCTCTTGGCTCTGGCATCGATGAAGAACGCAGCGAAATGCGATAAGTAATGTGAATTGCAGAATTCAGTGAATCATCGAATCTTTGAACGCACATTGCGCCCGCCAGTATTCTGGCGGGCATGCCTGTTCGAGCGTCATTTCAACCCTCAAGCCCCCGGGCTTGGTGTTGGAGATCGGCGGGCCCTCCGGGGCGCGCCGCCTCCCAAATATAGTGGCGGTCTCGCTGTAGCTTCCTCTGCGTAGTAGCACACCTCGCAC","great",NA,"Q",3221,"Q","C",47.1,22,"k__Fungi","p__Ascomycota","c__Sordariomycetes","o__Hypocreales","f__Nectriaceae","g__Ilyonectria","s__lusitanica"
"65","3221c_QC.scf",1,"GAATTCAGTGAATCATCGAATCTTTGAACGCACATTGCGCCCGCCAGTATTCTGGCGGGCATGCCTGTTCGAGCGTCATTTCAACCCTCAAGCCCCCGGGCTTGGTGTTGGAGATCGGCGGGCCCTCCGGGGCGCGCCGCCTCCCAAATATAGTGGCGGTCTCGCTGTAGCTTCCTCTGCGTAGTAGC","good",NA,"Q",3221,"Q","C",14.1,58.5,"k__Fungi","p__Ascomycota","c__Sordariomycetes","o__Hypocreales","f__Nectriaceae","g__Ilyonectria","s__lusitanica"
"66","3221a_QC.scf",1,"CCTTGAATTTTTACAGTTGTCTTCTGAGTACATGATTAAATCAATCAAAACTTTCAACAACGGATCTCTTGGCTCTGGCATCGATGAAGAACGCAGCGAAATGCGATAAGTAATGTGAATTGCAGAATTCAGTGAATCATCGAATCTTTGAACGCACATTGCGCCCGCCAGTATTCTGGCGGGCATGCCTGTTCGAGCGTCATTTCAACCCTCAAGCCCCCGGGCTTGGTGTTGGAGATCGGCGGGCCCTCCGGGGCGCGCCGCCTCCCAAATATAGTGGCGGTCTCGCTGTAGCTTCCTCTGCGTAGTAGCACACCTCGCACTG","great",NA,"Q",3221,"Q","C",56.9,18.2,"k__Fungi","p__Ascomycota","c__Sordariomycetes","o__Hypocreales","f__Nectriaceae","g__Ilyonectria","s__lusitanica"
"67","3206f_QC.scf",1,"GATCTCTTGGCTCCAGCATCGATGAAGAACGCAGCGAAACGCGATATGTAATGTGAATTGCAGAATTCAGTGAATCATCGAATCTTTGAACGCACATGGCGCCTTCCAGTATCCTGGGA","decent",NA,"Q",3206,"Q","C",7.4,41.8,"k__Fungi","p__Ascomycota","c__Sordariomycetes","o__Hypocreales","f__Hypocreales_fam_Incertae_sedis","g__Acremonium","s__furcatum"
"68","3098h_QC.scf",1,"CTTTCAACAACGGATCTCTTGGTTCTGGCATCGATGAAGAACGCAGCGAAATGCGATAAGTAATGTGAATTGCAGAATTCAGTGAATCATCGAATCTTTGAACGCACATTGCGCCCTCTGGTATTCCGGGGGGCATGCCTGTTCGAGCGTCATTATAACCACTCAAGCTCTCGCTT","good",NA,"Q",3098,"Q","C",20.7,35.1,"k__Fungi","p__Ascomycota","c__Leotiomycetes","o__Helotiales","f__Helotiales_fam_Incertae_sedis","g__Cadophora","s__gregata"
"69","3098g_QC.scf",0,"AATTACCTTTGTTGCTTTGGCGGGCCGCCTCGCGCCAGCGGCTTCGGCTGTTGAGTGCCCGCCAGAGGACCACAACTCTTGTTTTTGGTGATGTCTGAGTACTATAT","good",NA,"Q",3098,"Q","C",5,29.6,"k__Fungi","p__Ascomycota",NA,NA,NA,NA,NA
"70","3098d_QC.scf",1,"CGAGCCGTCGACCCTCTCGGAGAAGGTCGGTCCTGAACTCCACCCTTGAATAAATTACCTTTGTTGCTTTGGCGGGCCGCCTCGCGCCAGCGGCTTCGGCTGTTGAGTGCCCGCCAGAGGACCACAACTCTTGTTTTTGGTGATGTCTGAGTACTATATAATAGTTAAAACTTTCAACAACGGTCTCTTGGTTCTGGCATCGATGAAGAACGCAGCGAATGCGATAAGTAATGT","good",NA,"Q",3098,"Q","C",11.5,48,"k__Fungi","p__Ascomycota","c__Leotiomycetes","o__Helotiales","f__Helotiales_fam_Incertae_sedis","g__Cadophora","s__luteo-olivacea"
"71","3098b_QC.scf",0,"CTGAACTCCACCCTTGAATAAATTACCTTTGTTGCTTTGGCGGGCCGCCTCGCGCCAGCGGCTTCGGCTGTTGAGTGCCCGCCAGAGGACCACAACTCTTGTTTTTGGTGATGTCTGAGTACTA","good",NA,"B",3098,"Q","C",4.1,42.5,"k__Fungi","p__Ascomycota",NA,NA,NA,NA,NA
"72","3070b_QC.scf",1,"CACACCTACCATCCTCATCTCTCCACCTGTGCACCTCTTGTAGATTTGGAATTGATTATCCGAGGCAACTCGGTCGTGAGGACTGCTAGCACTTAGCCGGCTTTCTTTGCAATTCCAGGTCTATGTTTTTCATATACCCCATTGTATGTAACAGAATGTATCATTGGGCCCTTGTGCCTATAAACCTTATACAACTTTCAGCAACGGTTCTTGGCTCTCGCATCGATGAAGAACGCAGCGAAATGCG","good",NA,"Q",3070,"Q","C",22.6,30.8,"k__Fungi","p__Basidiomycota","c__Agaricomycetes","o__Agaricales","f__Hymenogastraceae","g__Hebeloma","s__crustuliniforme"
"73","3070a_QC.scf",1,"CTGGCCCTCTTGGGGGCATGTGCACACCTACCATCCTCATCTCTCCACCTGTGCACCTCTTGTAGATTTGGAATTGATTATCCGAGGCAACTCGGTCGTGAGGACTGCTAGCACTTAGCCGGCTTTCTTTGCAATTCCAGGTCTATGTTTTTCATATACCCCATTGTATGTAACAGAATGTATCATTGGGCCCTTGTGCCTATAAACCTTATACAACTTTCAGCAACGGATCTCTTGGCTCTCGCATCGATGAAGAACGCAGCGAAATGCGATAAGTAATGTGAATTGCAGAATTCAGTGAATCATCGAATCTTTGAACGCACCTTGCGCTCCTTGGTATTCCGAGGAGCATGCCTGTTTGAGTGTCATTAAATTCTCAACCATTATCAACTTTTGCTGATAATGGCTTGGATGTGGGGGTCTATTTTGCTGGCTTCTCAGATAGTCAGCTCCCCTTAAATGCATTAGCCGGTGCCCCGCGTGGACTGTCTATTGGTGTGATAATTATCTAC","great",NA,"Q",3070,"Q","C",64.4,6.1,"k__Fungi","p__Basidiomycota","c__Agaricomycetes","o__Agaricales","f__Hymenogastraceae","g__Hebeloma","s__crustuliniforme"
"74","3053d_QC.scf",1,"CGGCCTTCGGGCGTCGGGGCCCCCGGTGGACCCCTCAACTCTGCATGCCCTGCGTCTGAGTGATAGATACAAATCAATCAAAACTTTCAACAACGGATCTCTTGGTTCTGGCATCGATGAAGAACGCAGCGAAATGCGATAAGTAATGTGAATTGCAGAATTCAGTGAATCATCGAATCTTTGAACGCACATTGCGCCCCCCGGCACTCCGGGGGGCATGCCTGTTCGAGCGTCATTACACCACTCAAGCCTCGCTTGGTATTGGGCGCCGCGGTCCTCCCCGCGCGCCCCAATGTCTCCGGCTGAGCCGTCCGTCCCATCAGCGTTGTGGTTCAATCAACTCGCTCTCGG","great","Salinomycetes","Q",3053,"Q","C",48,17.3,"k__Fungi","p__Ascomycota","c__Dothideomycetes","o__Dothideales","f__Dothideales_fam_Incertae_sedis","g__Hortaea","s__thailandica"
