"","newfile","analyze","blast_seq","seq_quality","taxon","morphotype","seedling_id","seedling_sp","soil_type","percent_hq","percent_lq","set","Kingdom","Phylum","Class","Order","Family","Genus","Species"
"1","3053a_QC.scf",0,"CATCGAATCTTTGAACGCACATTGCGCGCCTTGGTATTCCATGGGGCATGCCTGTTCGAGCGTCATTTGTACCCTCGAGCTCTGCTTG","bad",NA,"Q",3053,"Q","C",1.9,58.5,"Feb22","k__Fungi","p__Ascomycota","c__Dothideomycetes","o__Pleosporales",NA,NA,NA
"2","3053b_QC.scf",0,"CCTGGAATCTTTGAGCGCACCTTGCGCGCCTTGGCATTCCTTGGGGCATGCCTGTCCGAGCGTCATTTGTACCCTCGAGCT","bad",NA,"Q",3053,"Q","C",1.5,66.8,"Feb22","k__Fungi","p__Ascomycota",NA,NA,NA,NA,NA
"3","3053e_QC.scf",0,"CATCGAATCTTTGAACGCACATTGCGCCCCTTGGTATTCCATGGGGCATGCCTGTTCGAGCGTCATTTGTACCCTCGAGCTCTGC","bad",NA,"Q",3053,"Q","C",3.9,60.5,"Feb22","k__Fungi","p__Ascomycota","c__Dothideomycetes","o__Pleosporales",NA,NA,NA
"4","3053h_QC.scf",0,"TGAATCATCGAATCTTTGAACGCACATTGCGCCCCTTGGTATTCCATGGGGCATGCCTGTTCGAGCGTCATTTGTACCCTCA","decent",NA,"Q",3053,"Q","C",2.1,59.5,"Feb22","k__Fungi","p__Ascomycota","c__Dothideomycetes","o__Pleosporales","f__Pleosporaceae","g__Neocamarosporium",NA
"5","3053h_QC.scf",0,"TGAATCATCGAATCTTTGAACGCACATTGCGCCCCTTGGTATTCCATGGGGCATGCCTGTTCGAGCGTCATTTGTACCCTCA","decent",NA,"Q",3053,"Q","C",2.1,59.5,"Feb22","k__Fungi","p__Ascomycota","c__Dothideomycetes","o__Pleosporales","f__Pleosporaceae","g__Neocamarosporium",NA
"6","3070c_QC.scf",0,"GAATCTTTGAACGCACATTGCGCCCCTTGGTATTCCATGGGGCATGCCTGTTCGAGCGTCATTTGTACCCTCGAGC","bad",NA,"Q",3070,"Q","C",4,57.1,"Feb22","k__Fungi","p__Ascomycota","c__Dothideomycetes","o__Pleosporales","f__Pleosporaceae",NA,NA
"7","3070h_QC.scf",0,"TGCGAAAAGTAGTGTGAATTGCAGAATTCAGTGAATCCTCGAATCTTTGAACGCACATTGCGCCCCTTGGTATTCCATGGGGCATGCCTGTTCGAGCGTCATTTGTACCCTCGAGCTCTGCTTGGTGTTG","decent",NA,"Q",3070,"Q","C",2.3,66.6,"Feb22","k__Fungi","p__Ascomycota","c__Dothideomycetes","o__Pleosporales",NA,NA,NA
"8","3091a_QC.scf",0,"AATTCAGTGAATCATCGAATCTTTGAACGCACATTGCGCCCCTTGGTATTCCATGGGGCATGCCTGTTCGAGCGTCATTTGTACCCTCGAGCTCTGCTTGGTGTTGGGTGTTTGTCCCGCCTTCGCGCGTGGACTCGCCTTAAAGTGATTGGCAGCCGGAATAATTCTG","decent",NA,"Q",3091,"Q","C",2.6,61.8,"Feb22","k__Fungi","p__Ascomycota","c__Dothideomycetes","o__Pleosporales","f__Cucurbitariaceae","g__Pyrenochaeta",NA
"9","3091b_QC.scf",0,"AAATGCGAAAAGTAGTGTGAATTGCAGAATTCAGTGAATCATCGAATCTTTGAACGCACATTGCGCCCCTTGGTATTCCATGGGGCATGCCTGTTCGAGCGTCATTTGTACCCTCAAGCTCTGC","decent",NA,"Q",3091,"Q","C",1.4,58.4,"Feb22","k__Fungi","p__Ascomycota","c__Dothideomycetes","o__Pleosporales",NA,NA,NA
"10","3091c_QC.scf",0,"GCGAAAAATAGTGTGAATTGCGAAAGTCAATGAATCCTCGAATCTTTGAGCGCACATTGCGCCCCTTGGCATTCCATGGGGCATGCCTGTCCGAGCGTCATTTGTACCCTCG","decent",NA,"Q",3091,"Q","C",2.4,66.5,"Feb22","k__Fungi","p__Ascomycota","c__Dothideomycetes","o__Pleosporales",NA,NA,NA
"11","3091d_QC.scf",0,"CATCGAATCTTTGAACGCACATTGCGCCCCTTGGTATTCCATGGGGCATGCCTGTTCGAGCGTCATTTGTACCCTCAAGCTCTGCTTGGTGTT","decent",NA,"Q",3091,"Q","C",3.6,54.3,"Feb22","k__Fungi","p__Ascomycota","c__Dothideomycetes","o__Pleosporales",NA,NA,NA
"12","3091e_QC.scf",0,"TTGCAGAATTCAGTGAATCATCGAATCTTTGAACGCACATTGCGCCCCTTGGTATTCCATGGGGCATGCCTGTTCGAGCGTCATTTGTACCCTCGAGCTCTGCTT","decent",NA,"Q",3091,"Q","C",3.4,57.6,"Feb22","k__Fungi","p__Ascomycota","c__Dothideomycetes","o__Pleosporales",NA,NA,NA
"13","3091f_QC.scf",0,"TGAATCATCGAATCTTTGAACGCACATTGCGCCCCTTGGTATTCCATGGGGCATGCCTGTTCGAGCGTCATTTGTACCCTCGAGCTCTGCTTGG","decent",NA,"Q",3091,"Q","C",2.1,62.3,"Feb22","k__Fungi","p__Ascomycota","c__Dothideomycetes","o__Pleosporales",NA,NA,NA
"14","3091g_QC.scf",0,"AATCTTTGAACGCACATTGCGCCCCTTGGTATTCCATGGGGCATGCCTGTTCGAGCGTCATTTGTACCCTCGAGCTCTGCTTG","decent",NA,"Q",3091,"Q","C",2,65.5,"Feb22","k__Fungi","p__Ascomycota","c__Dothideomycetes","o__Pleosporales",NA,NA,NA
"15","3098a_QC.scf",0,"AATGCGAAAAATCCTGGGAACTGCGAAAGTCAATGGATCCTGGAAGTATTGAGCGCACCTTGCGCCCCTTGGCATTCCTTG","decent",NA,"B",3098,"Q","C",2.3,70.4,"Feb22","k__Fungi","p__Basidiomycota",NA,NA,NA,NA,NA
"16","3098c_QC.scf",0,"GCTGCAACGGGGTGCCCACGTTTGACCATCCAGCAGATTGAATGACGAAAATGCATGTATGACT","bad",NA,"Q",3098,"Q","C",2.8,64.6,"Feb22","k__Fungi","p__Basidiomycota",NA,NA,NA,NA,NA
"17","3098e_QC.scf",0,"GTTCGAGCGTCATTTGTACCCTCGAGCTCTGCTTGGTGTTGGGAGTTTGTCCCGCCTTCGCGC","bad",NA,"B",3098,"Q","C",3.4,63.8,"Feb22","k__Fungi","p__Ascomycota","c__Dothideomycetes","o__Pleosporales",NA,NA,NA
"18","3206g_QC.scf",0,"GAAAAGTAGTGTGAACTGCAGAATCCAGTGAATCATCGAATCTTTGAACGCACATTGCGCCCCTTGGTATTCCATGGGGCATG","bad",NA,"Q",3206,"Q","C",1.1,72.9,"Feb22","k__Fungi","p__Ascomycota","c__Dothideomycetes","o__Pleosporales",NA,NA,NA
"19","3217b_QC.scf",0,"TCGAATCTTTGAACGCACATTGCGCCCCTTGGTATTCCATGGGGCATGCCTGTTCGAGCGTCATTTGTACCCTCAAGCTCT","decent",NA,"Q",3217,"Q","C",2.9,57.4,"Feb22","k__Fungi","p__Ascomycota","c__Dothideomycetes","o__Pleosporales",NA,NA,NA
"20","3217f_QC.scf",0,"AATCTTTGAACGCACATTGCGCCCCTTGGTATTCCATGGGGCATGCCTGTTCGAGCGTCATTTGTACCCTCGAGCTCTGCTTGGTG","decent",NA,"Q",3217,"Q","C",3.9,54.7,"Feb22","k__Fungi","p__Ascomycota","c__Dothideomycetes","o__Pleosporales",NA,NA,NA
"21","3218a_QC.scf",0,"AATTCAGTGAATCATCGAATCTTTGAACGCACATTGCGCCCCTTGGTATTCCATGGGGCATGCCTGTTCGAGCGTCATTTGTACCCTCAAGCTCTGCTTGG","decent",NA,"Q",3218,"Q","C",2.8,55.9,"Feb22","k__Fungi","p__Ascomycota","c__Dothideomycetes","o__Pleosporales",NA,NA,NA
"22","3218b_QC.scf",0,"GAATCATCGAATCTTTGAACGCACATTGCGCCCCTTGGTATTCCATGGGGCATGCCTGTTCGAGCGTCATTTGTACCCTCAAGCTCTGCTTG","decent",NA,"Q",3218,"Q","C",3,54.8,"Feb22","k__Fungi","p__Ascomycota","c__Dothideomycetes","o__Pleosporales",NA,NA,NA
"23","3218g_QC.scf",0,"CCACTCCAGCGCACACGTTAGTGAGCTGCAACGGGGTGCCCACGTTTCACCATCTAGCAGATTGAATGACGAAAA","bad",NA,"Q",3218,"Q","C",1.5,69.5,"Feb22","k__Fungi",NA,NA,NA,NA,NA,NA
"24","3218h_QC.scf",0,"GAATCTTTGAGCGCACATTGCGCGCCTTGGTATTCCATGGGGCATGCCTGTCCGAGCGTCATTTGTACCCTCGAGCTCTGCTTGGTGT","bad",NA,"Q",3218,"Q","C",3.8,57.3,"Feb22","k__Fungi","p__Ascomycota","c__Dothideomycetes","o__Pleosporales",NA,NA,NA
"25","3221d_QC.scf",0,"AGCGTCATTTGTACCCTCGAGCTCTGCTTGGTGTTGGGTGTTTGTCCCGCCTTCGCGCGTGGACTCGCCTTAAAGTGATTGGC","decent",NA,"Q",3221,"Q","C",2.6,56.6,"Feb22","k__Fungi","p__Ascomycota","c__Dothideomycetes","o__Pleosporales",NA,NA,NA
"26","3221h_QC.scf",0,"TTGTACCCTCGAGCTCTGCTTGGTGTTGGGTGTTTGTCCCGCCTTCGCGCGTGGACTCGCCTTAAAGTGATT","decent",NA,"Q",3221,"Q","C",3,62.4,"Feb22","k__Fungi","p__Ascomycota","c__Dothideomycetes","o__Pleosporales",NA,NA,NA
"27","3487f_QQ.scf",0,"AAATGCAGAAAAGTAGTGTGAATTGCGGAATTCAGTGAATCATCGAATCTTTGAACGCACATTGCGCCCCTTGGTATTCC","decent",NA,"C",3487,"Q","Q",2.9,66.9,"Feb22","k__Fungi","p__Ascomycota","c__Dothideomycetes",NA,NA,NA,NA
"28","3548g_QQ.scf",0,"TCTTGGCTCCAGCATCGATGAAGAACGCAGCTAAACGCGATATGTAATGTGAATTGCAGAATT","bad",NA,"B",3548,"Q","Q",1.7,57.2,"Feb22","k__Fungi","p__Ascomycota","c__Sordariomycetes","o__Hypocreales",NA,NA,NA
"29","3604b_QQ.scf",1,"TTTGAACGCACATGGCGCCTTCCAGTATCCTGGGAGGCATGCCTGTCCGAGCGTCGTTTCAACCCTCGAGCCCCTGTGGCCCGGCGTTGGGGATCTGCCACGGCAG","good",NA,"N",3604,"Q","Q",6.2,39,"Feb22","k__Fungi","p__Ascomycota","c__Sordariomycetes","o__Glomerellales","f__Plectosphaerellaceae","g__Plectosphaerella","s__niemeijerarum"
"30","3604c_QQ.scf",1,"CAACGGATCTCTTGGCTCTCGCATCGATGAAGAACGCAGCGAAATGCGATAAGTAATGTGAATTGCAGAATTCA","decent",NA,"N",3604,"Q","Q",10.1,37.3,"Feb22","k__Fungi","p__Basidiomycota","c__Agaricomycetes","o__Agaricales","f__Hygrophoraceae","g__Cora",NA
"31","3604d_QQ.scf",0,"CCGGCGACACTTTCGAATTGACGGGGATACCCTAAAGCCTGTCGCACCAACTCTGTGCGGG","decent",NA,"A",3604,"Q","Q",2.2,64,"Feb22","k__Fungi","p__Ascomycota","c__Dothideomycetes","o__Pleosporales","f__Thyridariaceae",NA,NA
"32","3604e_QQ.scf",0,"GCTCCAGCATCGATGAAGAACGCAGCGAAACGCGATATGTAATGTGAATTGCAGAATTCAGTGAATCATCGAATCTTTG","decent",NA,"D",3604,"Q","Q",2.3,53,"Feb22","k__Fungi","p__Ascomycota","c__Sordariomycetes","o__Hypocreales","f__Hypocreales_fam_Incertae_sedis","g__Acremonium","s__furcatum"
"33","3604g_QQ.scf",0,"CCAGCATCGATGAAGAACGCAGCGAAACGCGATATGTAATGTGAATTGCAGAATTCAGTGAATCATCGAATCTTTGAACGCACATGGCGCCTTCCA","decent",NA,"D",3604,"Q","Q",3.4,39.4,"Feb22","k__Fungi","p__Ascomycota","c__Sordariomycetes","o__Hypocreales","f__Hypocreales_fam_Incertae_sedis","g__Acremonium","s__furcatum"
"34","3604h_QQ.scf",1,"CCAGCATCGATGAAGAACGCAGCGAAACGCGATATGTAATGTGAATTGCAGAATTCAGTGAATCATCGAATCTTTGAACGCACATGGCGCCTTCCAGTATCCTGGGAGGCATGCCTGTCCGAGCGTCGT","decent",NA,"L",3604,"Q","Q",6.7,30.8,"Feb22","k__Fungi","p__Ascomycota","c__Sordariomycetes","o__Hypocreales","f__Hypocreales_fam_Incertae_sedis","g__Acremonium","s__furcatum"
"35","3608c_QQ.scf",1,"AGAGCTGCCAGTAGCAAGACCACTTGCTAAAACCTGTTGTGAAATATATAGTCTGAATTTTGTGTCTTGAAAATGAAATAAAACTTTCAACAACGGATCTCTAGGCTCTTGCATCGATGAAGAACGCAGTGAAATGCGATAAGTAATGTGAATTGCAGAATCTCGTGAATCATTGAATCTTTGAACGCACATTGCGCCCTATGGTATTCCATAGGGCA","great",NA,"C",3608,"Q","Q",32.8,21.8,"Feb22","k__Fungi","p__Ascomycota","c__Pezizomycetes","o__Pezizales","f__Pezizaceae","g__Peziza","s__ostracoderma"
"36","3641g_QQ.scf",0,"ATCGAATCTTTGAACGCACATGGCGCCTTCCAGTATCCTGGGAGGCATGCCTGTCCGAGCGTCG","decent",NA,"A",3641,"Q","Q",1.7,59.4,"Feb22","k__Fungi","p__Ascomycota","c__Sordariomycetes","o__Hypocreales","f__Hypocreales_fam_Incertae_sedis","g__Acremonium","s__furcatum"
"37","3652b_QQ.scf",0,"TTTGAACGCACATGGCGCCTTCCAGTATCCTGGGAGGCATGCCTGGCCGAGCGTCGTTTCAACCCTGGAGCCCC","decent",NA,"L",3652,"Q","Q",1.3,68.3,"Feb22","k__Fungi","p__Ascomycota","c__Sordariomycetes",NA,NA,NA,NA
"38","3652c_QQ.scf",1,"CCAGCATCGATGAAGAACGCAGCGAAACGCGATATGTAATGTGAATTGCAGAATTCAGTGAATCATCGAATCTTTGAACGCACATGGCGCCTTCCAGTATCCTGGGAGGCATGCCTGTCCG","good",NA,"L",3652,"Q","Q",5.2,35.1,"Feb22","k__Fungi","p__Ascomycota","c__Sordariomycetes","o__Hypocreales","f__Hypocreales_fam_Incertae_sedis","g__Acremonium","s__furcatum"
"39","3652e_QQ.scf",1,"AAATATTGTATTTAGAGTCTTCTGAATTTTTATAATAAAAGTTAAAACTTTCAACAACGGATCTCTTGGTTCTCGCATCGATGAAGAACGCAGCGAAATGCGATAAGTAGTGTGAATTGCAGAATTCAGTGAATCATCGAATCTTTGAACGCACATTGCGCCTTCCGGT","great",NA,"L",3652,"Q","Q",39,20.1,"Feb22","k__Fungi","p__Ascomycota","c__Pezizomycetes","o__Pezizales","f__Pyronemataceae","g__Pustularia",NA
"40","3652g_QQ.scf",0,"CAACGGATCTCTTGGTTCTCGCATCGATGAAGAACGCAGCGAAATGCGATAAGTAGTGTGAATTGCAGAATTCAGAGAATCATCGAATCTTTGAACGCACATTGCGCCTTCCGGTATTCCG","good",NA,"D",3652,"Q","Q",4.5,49.6,"Feb22","k__Fungi","p__Ascomycota","c__Pezizomycetes","o__Pezizales","f__Pyronemataceae",NA,NA
"41","3659h_QQ.scf",0,"TCTTGGCTCCAGCATCGATGAAGAACGCAGCGAAACGCGATATGTAATGTGAATTGCAGAATTCAGTGAATCATCGAATCTTTGAACGCACATGGCGCCTTCCAGTATCCTGGGAGGCATGCCTGGCCGAGCGTCGTTT","decent",NA,"N",3659,"Q","Q",3.7,46.3,"Feb22","k__Fungi","p__Ascomycota","c__Sordariomycetes","o__Hypocreales","f__Hypocreales_fam_Incertae_sedis","g__Acremonium","s__furcatum"
"42","3678f_QQ.scf",1,"TATTGTATTTAGAGTCTTCTGAATTTTTAAAATAAAAGTTAAAACTTTCAACAACGGATCTCTTGGTTCTCGCATCGATGAAGAACGCAGCGAAATGCGAT","great",NA,"C",3678,"Q","Q",10.3,29.3,"Feb22","k__Fungi","p__Ascomycota","c__Pezizomycetes","o__Pezizales","f__Pyronemataceae","g__Pustularia",NA
"43","3875d_PQ.scf",1,"GTTTCATAAATTTCTCACCTGTGAACCTAATGTAGGATGCCTATTCCTTTGGGATAGGGGACCTATGTCTTCATATACATCTCCGTGTAGAAAGTCTTAGAATGTTTACTATCATAGAGTCGCGACTTCTAGGAGACGCGAATCTGTGAGATAAAAGTTATTACAACTTTCAGCAATGGATCTCTTGGCTCTCGCATCGATGAAGAACGCAGCGAAAAGCGATATGTAATGTGAATTGCAGATCTACAGTGAATCATCGAATCTTTGAACGCACCTTGCGCTCCTCGGTGTTCCGAGGAGCATGCCTGTTTGAGTGTCAGTAAATTCTCAACCCCTCTTGATTGAGGGAGTTTGGATAGTGGGGGTTTGCCGGAGACTTTTTGACTCGGGCTCTCCTGAAATGCATCGGCTTGCGGTCGACTTTCGACT","great",NA,"G",3875,"P","Q",78.5,3.7,"Feb22","k__Fungi","p__Basidiomycota","c__Agaricomycetes","o__Boletales","f__Rhizopogonaceae","g__Rhizopogon","s__hawkerae"
"44","3875g_PQ.scf",1,"GAGATAAAAGTTATTACAACTTTCAGCAATGGATCTCTTGGCTCTCGCATCGATGAAGAACGCAGCGAAAAGCGATATGTAATGTGAATTGCAGATC","great",NA,"G",3875,"P","Q",30,21.4,"Feb22","k__Fungi","p__Basidiomycota","c__Agaricomycetes","o__Boletales","f__Rhizopogonaceae","g__Rhizopogon",NA
"45","4022b_QP.scf",0,"TCTTGGCTCCAGCATCGATGAAGAACGCAGCGAAACGCGATATGTAATGTGA","decent",NA,"E",4022,"Q","P",2.5,58,"Feb22","k__Fungi","p__Ascomycota","c__Sordariomycetes","o__Hypocreales","f__Hypocreales_fam_Incertae_sedis","g__Acremonium","s__furcatum"
"46","4022c_QP.scf",0,"TGCCGCCTTCCAGCATCCTGGTAGGCATGCCTGTCCGACCGT","bad",NA,"D",4022,"Q","P",1.6,70.8,"Feb22",NA,NA,NA,NA,NA,NA,NA
"47","4022d_QP.scf",0,"CTCTTGTCTCCCGCATCGATGAAGAACGCATCGAAACGCGATGTGGAATGTGAA","bad",NA,"D",4022,"Q","P",1.3,74.1,"Feb22","k__Fungi",NA,NA,NA,NA,NA,NA
"48","4022h_QP.scf",0,"ATAGCAGAATTCAGTGAATCATCGAATCTTTGAACGCACATGGCGCCTTCCAGTATCCTGGTAGGCATGCCTGGCGGACCGT","decent",NA,"D",4022,"Q","P",1.1,72.9,"Feb22","k__Fungi","p__Ascomycota","c__Sordariomycetes",NA,NA,NA,NA
"49","4040a_QP.scf",0,"GCGATAAGTAGTGTGAATTGCAGAATTCAGTGAATCATCGAATCTTTGAACGCACATTGCGCCTTCCG","decent",NA,"C",4040,"Q","P",2.1,69.9,"Feb22","k__Fungi","p__Ascomycota",NA,NA,NA,NA,NA
"50","4084d_QP.scf",0,"GTTGGGAGTTTGTCCCGCCTTCGCGCGTGGACTCGCCTTAAGTGATTGACAGCCGGAATAATTCT","bad",NA,"D",4084,"Q","P",2.3,62.5,"Feb22","k__Fungi","p__Ascomycota","c__Dothideomycetes","o__Pleosporales",NA,NA,NA
"51","4084e_QP.scf",0,"TTGAACGCACATTGCGCGCCTTGGTATTCCATGGAGCATGCCTGTTCGAGCGTCATTTGTA","bad",NA,"D",4084,"Q","P",2.3,59.3,"Feb22","k__Fungi","p__Ascomycota",NA,NA,NA,NA,NA
"52","4084g_QP.scf",0,"AATCTTTGAACGCACATTGCGCGCCTTGGTATTCCATGGGGCATGCCTGTTCGAGCGTCATTTGTACCCTCGAGCTCTGCTTGGTGTTGGGTGTTTGTCC","bad",NA,"D",4084,"Q","P",2.6,59.3,"Feb22","k__Fungi","p__Ascomycota","c__Dothideomycetes","o__Pleosporales",NA,NA,NA
"53","4173b_QP.scf",0,"CTGGGCTCCAGCATCGATGAAGAACGCAGCGAAACGCGATATGTAATGTGAATTGCAGAA","bad",NA,"B",4173,"Q","P",2.5,61.8,"Feb22","k__Fungi","p__Ascomycota","c__Sordariomycetes",NA,NA,NA,NA
"54","4173d_QP.scf",0,"CCGGCGAGAGCCCACGGGTACCGTTCACAGACTAAGTGATTGTGGGCGGGGCGTCAGGCCCCGTCTAAGATA","decent",NA,"B",4173,"Q","P",2.8,43.9,"Feb22","k__Fungi","p__Ascomycota",NA,NA,NA,NA,NA
"55","4181e_QP.scf",1,"TGTGAATTGCAGAATTCAGTGAATCATCGAATCTTTGAACGCACATTGCGCCCCTTGGTATTCCATGGGGCATGCCT","good",NA,"E",4181,"Q","P",5.1,50.8,"Feb22","k__Fungi","p__Ascomycota","c__Dothideomycetes","o__Pleosporales","f__Pleosporaceae","g__Neocamarosporium",NA
"56","4181f_QP.scf",0,"AATCTTTGAACGCACATTGCGCCCCTTGGTATTCCATGGGGCATGCCTGTTCGAGCGTCATTTGT","decent",NA,"D",4181,"Q","P",2.8,57.1,"Feb22","k__Fungi","p__Ascomycota","c__Dothideomycetes","o__Pleosporales","f__Pleosporaceae","g__Neocamarosporium",NA
"57","4181g_QP.scf",0,"TGAATCATCGAATCTTTGAACGCACATTGCGCCCCTTGGTATTCCATGGGGCATGCCTGTTCGAGCGTCATTTGTACCCTCA","decent",NA,"L",4181,"Q","P",3.2,59.6,"Feb22","k__Fungi","p__Ascomycota","c__Dothideomycetes","o__Pleosporales","f__Pleosporaceae","g__Neocamarosporium",NA
"58","4181g_QP.scf",0,"TGAATCATCGAATCTTTGAACGCACATTGCGCCCCTTGGTATTCCATGGGGCATGCCTGTTCGAGCGTCATTTGTACCCTCA","decent",NA,"L",4181,"Q","P",3.2,59.6,"Feb22","k__Fungi","p__Ascomycota","c__Dothideomycetes","o__Pleosporales","f__Pleosporaceae","g__Neocamarosporium",NA
"59","4208c_PP.scf",1,"TCACCTGTGAACCTAATGTAGGATGCCTATTCCTTTGGGATAGGGGACCTATGTCTTCATATACATCTCCGTGTAGAAAGTCTTAGAATGTTTACTATCATAGAGTCGCGACTTCTAGGAGACGCGAATCTG","good",NA,"M",4208,"P","P",15.3,39,"Feb22","k__Fungi","p__Basidiomycota","c__Agaricomycetes","o__Boletales","f__Rhizopogonaceae","g__Rhizopogon","s__hawkerae"
"60","4208d_PP.scf",0,"CCAATGTGTGAGATAAAAAGCATAACTACTTGCATCAATGAATCTTTGGGCTCTCGTGTCGCCGAACAACAC","decent",NA,"G",4208,"P","P",1.2,73.6,"Feb22","k__Fungi","p__Basidiomycota",NA,NA,NA,NA,NA
"61","4208f_PP.scf",1,"AGGAAACGCGAATCTGTGAGATGAAAGGCATTACAACTTTCAGCAATGAATCTCTTGGCTCTC","decent",NA,"G",4208,"P","P",5.5,55.2,"Feb22","k__Fungi","p__Basidiomycota","c__Agaricomycetes",NA,NA,NA,NA
"62","4216c_PP.scf",0,"TTTGAACGCACATTGCGCCCCTTGGTATTCCATGGGGCATGCCTGTTCGAGCGTCATTTGTACCCTCAAGCTCTGCTTGGTG","decent",NA,"G",4216,"P","P",2.8,56.7,"Feb22","k__Fungi","p__Ascomycota","c__Dothideomycetes","o__Pleosporales",NA,NA,NA
"63","4216g_PP.scf",0,"AACGCAGCGAAACGCGATAAGTAATGTGAATAGCAGAATTCAGTGAATCATCGAATCTTTGAACGCGCATGGCGCCTTCCAGTATCCTGGGAGGCATGC","bad",NA,"G",4216,"P","P",1.3,58.8,"Feb22","k__Fungi","p__Ascomycota","c__Sordariomycetes",NA,NA,NA,NA
"64","4244c_PP.scf",0,"ATATCCAGCGCAAGACAAGTCTGACTTTGGCCGCGCGCCATCAGTATCAAGGTACTTAAAACTTTCAACAA","bad",NA,"F",4244,"P","P",2.3,60.3,"Feb22","k__Fungi","p__Ascomycota","c__Pezizomycetes","o__Pezizales","f__Tuberaceae","g__Choiromyces",NA
"65","4348b_PP.scf",1,"CCTATGTCTTCATATACATCTCCGTGTAGAAAGTCTTAGAATGTTTACTATCATAGAGTCGCAACTTCTAGGAGACGCGAATCTGTGAGATAAAAGTTATTACAACTTTCAGCAATGGATCTCTTGGCTCTCGCATCGATGAAGAACGCAGCGAAAAGCGATATGTAATGTGAATTGCAGATCTACAGTGAATCATCGAATCTTTGAACGCACCTTGCGCTCCTCGGTGTTCCGAGGAGCATGCCTGTTTGAGTGTCAGT","great",NA,"G",4348,"P","P",69.7,5.5,"Feb22","k__Fungi","p__Basidiomycota","c__Agaricomycetes","o__Boletales","f__Rhizopogonaceae","g__Rhizopogon",NA
"66","4348e_PP.scf",0,"ATCGAATCTTTGAACGCACATGGCGCCTTCCAGTATCCTGGGAGGCATGCCTGTCCGAGCGTCGTTCCACCCTCGAGCCCCTGTGGCCCGG","decent",NA,"G",4348,"P","P",2.5,52.5,"Feb22","k__Fungi","p__Ascomycota","c__Sordariomycetes","o__Glomerellales","f__Plectosphaerellaceae","g__Plectosphaerella","s__niemeijerarum"
"67","4383b_PP.scf",0,"GCATCGATGAAGAACGCAGCGAAACGCGATATGTAATGTGAATTGCAGAATTCAGTGAATCATCGAATCTTTGAACGCACATGGCGCCTTCCAGTATCCTGGGAGGCATGCCTG","bad",NA,"G",4383,"P","P",2.6,51.6,"Feb22","k__Fungi","p__Ascomycota","c__Sordariomycetes","o__Hypocreales","f__Hypocreales_fam_Incertae_sedis","g__Acremonium","s__furcatum"
"68","4383d_PP.scf",0,"ATTCAGTGAATCATCGAATCTTTGAACGCACATGGCGCCTTCCAGTATCCTGGGAGGCATGCCTGTCC","bad",NA,"G",4383,"P","P",1.7,59.1,"Feb22","k__Fungi","p__Ascomycota","c__Sordariomycetes","o__Hypocreales","f__Hypocreales_fam_Incertae_sedis","g__Acremonium","s__furcatum"
"69","4383e_PP.scf",0,"TCAGTGAATCATCGAATCTTTGAACGCACATGGCGCCTTCCAGTATCCTGGGAGGCATGCCTGTCCGAGCGTC","bad",NA,"G",4383,"P","P",3.5,47.8,"Feb22","k__Fungi","p__Ascomycota","c__Sordariomycetes","o__Hypocreales","f__Hypocreales_fam_Incertae_sedis","g__Acremonium","s__furcatum"
"70","4383f_PP.scf",0,"TGGGCTCCAGCATCGATGAAGAACGCAGCGAAACGCGATATGTAATGTGAATTGCAGAATTC","decent",NA,"G",4383,"P","P",2.6,57.3,"Feb22","k__Fungi","p__Ascomycota",NA,NA,NA,NA,NA
"71","4418h_PP.scf",0,"AAAACGGAGCAAAACCCTATATGTAAGGTGAAAGGCATAATTCAGTGCATCATCGAATCTTTGAACTCTCA","bad",NA,"G",4418,"P","P",3.6,64.5,"Feb22","k__Fungi",NA,NA,NA,NA,NA,NA
"72","3053c_QC.scf",0,"TGAGTGACACAAGCACATAAAATAAAACTTTCATGCACGGATCAACTGGTTCTGGCATCGATGATGAATGAGCATCATGGAATAAG","bad",NA,"Q",3053,"Q","C",2,57.5,"Jan22","k__Fungi",NA,NA,NA,NA,NA,NA
"73","3070d_QC.scf",1,"CATGTGCACACCTACCATCCTCATCTCTCCACCTGTGCACCTCTTGTAGATTTGGAATTGATTATCCGAGGCAACTCGGTCGTGAGGACTGCTAGCACTTAGCCGGCTTTCTTTGCAATTCCAGGTCTATGTTTTTCATATACCCCATTGTATGTAACAGAATGTATCATTGGGCCCTTGTGCCTATAAACCTTATACAACTTTCAGCAACGGATCTCTTGGCTCTCGCATCGATGAAGAACGCAGCGAAATGCGATAAGTAATGTGAATTGCAGAATTCAGTGAATCATCGAATCTTTGAACGCACCTTGCGCTCCTTGGTATTCCGAGGAGCAT","great",NA,"Q",3070,"Q","C",66.2,5.1,"Jan22","k__Fungi","p__Basidiomycota","c__Agaricomycetes","o__Agaricales","f__Hymenogastraceae","g__Hebeloma","s__crustuliniforme"
"74","3070e_QC.scf",1,"GCTGGCCCTCTTGGGGGCATGTGCACACCTACCATCCTCATCTCTCCACCTGTGCACCTCTTGTAGATTTGGAATTGATTATCCGAGGCAACTCGGTCGTGAGGACTGCTAGCACTTAGCCGGCTTTCTTTGCAATTCCAGGTCTATGTTTTTCATATACCCCATTGTATGTAACAGAATGTATCATTGGGCCCTTGTGCCTATAAACCTTATACAACTTTCAGCAACGGATCTCTTGGCTCTCGCATCGATGAAGAACGCAGCGAAATGCGATAAGTAATGTGAATTGCAGAATTCAGTGAATCATCGAATCTTTGAACGCACCTTGCGCTCCTTGGTATTCCGAGGAGCA","great",NA,"Q",3070,"Q","C",68.1,5.4,"Jan22","k__Fungi","p__Basidiomycota","c__Agaricomycetes","o__Agaricales","f__Hymenogastraceae","g__Hebeloma","s__crustuliniforme"
"75","3070f_QC.scf",1,"ACCATCCTCATCTCTCCACCTGTGCACCTCTTGTAGATTTGGAATTGATTATCCGAGGCAACTCGGTCGTGAGGACTGCTAGCACTTAGCCGGCTTTCTTTGCAATTCCAGGTCTATGTTTTTCATATACCCCATTGTATGTAACAGAATGTATCATTGGGCCCTTGTGCCTATAAACCTTATACAACTTTCAGCAACGGATCTCTTGGCTCTCGCATCGATGAAGAACGCAGCGAAATGCGATAAGTAATGTGAATTGCAGAATTCAGTGAATCATCGAATCTTTGAACGCACCTTGCGCTC","great",NA,"Q",3070,"Q","C",34.2,7.4,"Jan22","k__Fungi","p__Basidiomycota","c__Agaricomycetes","o__Agaricales","f__Hymenogastraceae","g__Hebeloma","s__crustuliniforme"
"76","3070g_QC.scf",0,"CTTTCTTTGCAATTCCAGGTCTATGTTTTTCATATACCCCATTGTATGTAACAGAATGTATCATTGGGCCCTTGTGCCTATAAACCTTATACAACTTTCAGCAACGGATCTCTTGGCTCTCGCATCGATG","decent",NA,"Q",3070,"Q","C",1.3,49,"Jan22","k__Fungi","p__Basidiomycota","c__Agaricomycetes","o__Agaricales","f__Hymenogastraceae","g__Hebeloma","s__crustuliniforme"
"77","3098f_QC.scf",1,"TAGTTAAAACTTTCAACAACGGATCTCTTGGTTCTGGCATCGATGAAGAACGCAGCGAAATGCGATAAGTAATGTGAATTGCAGAATTCAGTGAATCATCGAATCTTTGAACGCACATTGCGCCCTCTGGTATTCCGGGGGGCATGCCTGTTCGAGCGTCATTATAACCACTCAAGCTCTCGCTTGGTATTGGGGTTCGCGGTTCCGCGGCCCCTAAAATCAGTGGCGGTGCCTGTCGGCTCTACGCGTAGTAATACTCCTCGCG","good",NA,"Q",3098,"Q","C",15.3,41.6,"Jan22","k__Fungi","p__Ascomycota","c__Leotiomycetes","o__Helotiales","f__Helotiales_fam_Incertae_sedis","g__Cadophora","s__gregata"
"78","3137d_QC.scf",1,"ACGAACAGACCGGTTGCTTCGGCGGACGGCTCGCCGCCGCCGAAAGAACTCAAACTCTTGTTATTATTGTCTCTCTGAGTAATTTACTTAATAAGTTAAAACTTTCAACAACGGATCTCTTGGTTCTGGCATCGATGAAGAACGCAGCGAAATGCGATAAGTAATGTGAATTGCAGAATTCAGTGAATCATCGAATCTTTGAACGCACATTGCGCCCGCCAGTATTCTGGCGGGCATGCCTGTTCGAGCGTCATTTCAACCATCAAGCCTCAGGCTTGTGTTGGGGGCCTGCAGCTGCTGCAGCCCCCTAAAAGCAGTGGCGGACTCGCTGTCATACCGAGCGCAGTAGTTACATCTCGCTCTGGGCGTGGCGGCGGGCACCTGCCGTGAAACACTCTTTC","great",NA,"Q",3137,"Q","C",69.2,15.5,"Jan22","k__Fungi","p__Ascomycota","c__Sordariomycetes","o__Sordariales","f__Sordariales_fam_Incertae_sedis","g__Ramophialophora",NA
"79","3137h_QC.scf",0,"TGTCTCACTGAGTAATTTTGCTAATAAGGGCAAACTCGAGACAACGGTTCTCTTGGTTCTGGCATATAAAGAACGCAACGAAATGCGATGAGTAATGTG","bad",NA,"Q",3137,"Q","C",1.1,74.1,"Jan22","k__Fungi",NA,NA,NA,NA,NA,NA
"80","3206c_QC.scf",1,"AATTCAGTGAATCATCGAATCTTTGAACGCACAGTGCGCCCGCCAGTATTCTGGCGGGCATGCCTGTTCGAGCGACATTTCAACCCTCGAGCCCCCGGGCGTGTTGTTGCAGATCGGCGGGCCCTCCGGGGCGCGCCGCCTCCCTATAGAGGGGTCTCGCTGTATTC","bad",NA,"Q",3206,"Q","C",11.3,26.3,"Jan22","k__Fungi","p__Ascomycota","c__Sordariomycetes","o__Hypocreales","f__Nectriaceae",NA,NA
"81","3206h_QC.scf",1,"CTGACCCTACCCTTGCTTTTTGCGCACCCATTGTTTCCTCGGCAGGCTTGCCTGCCAGTAGGACCCCCTTTAAACCTTTTGTAATTGCAATCAGCGTCAGAAACAACGTAATCGTTACAACTTTCAACAACGGATCTCTTGGTTCTGGCATCGAT","good",NA,"Q",3206,"Q","C",68.1,14.1,"Jan22","k__Fungi","p__Ascomycota","c__Dothideomycetes","o__Pleosporales",NA,NA,NA
"82","3217g_QC.scf",1,"GCCTCGGCGGTGCCCGCTTCGGCGGCCCGCCAGAGGACTCAAACCCTTGAATTTTTACAGTTGTCTTCTGAGTACATGATTAAATCAATCAAAACTTTCAACAACGGATCTCTTGGCTCTGGCATCGATGAAGAACGCAGCGAAATGCGATAAGTAATGTGAATTGCAGAATTCAGTGAATCATCGAATCTTTGAACGCACATTGCGCCCGCCAGTATT","good",NA,"Q",3217,"Q","C",30.9,13.9,"Jan22","k__Fungi","p__Ascomycota","c__Sordariomycetes","o__Hypocreales","f__Nectriaceae","g__Ilyonectria","s__radicicola"
"83","3218c_QC.scf",1,"GTATGTTTCCTCGGCGGGTTCGCCCGCCGATAGGACACTTCAAAACCTTTTGTAATTGCAATCAGCGTCAGAAAAACTATAATAGTTACAACTTTCAACAACGGATCTCTTGGTTCTGGCATCGATGAAGAACGCAGCGAAATGCGAAAAGTAGTGTGAATTGCAGAATTCAGTGAATCATCGAATCTTTGAACGCACATTGCGCCCCTTGGTATTCCATGGGGCATGCCTGTTCGAGCGTCATTTGTACCCTCAAGCTCTGCTTGGTGTTGGGTGTTTGTCCCGCCTTCGCGCGTGGACTCGCCTTAAAGTGATTGGCAGCCGGAATAATTC","great",NA,"Q",3218,"Q","C",65.8,5.4,"Jan22","k__Fungi","p__Ascomycota","c__Dothideomycetes","o__Pleosporales","f__Cucurbitariaceae","g__Pyrenochaeta",NA
"84","3218d_QC.scf",1,"CGAAATGCGAAAAGTAGTGTGAATTGCAGAATTCAGTGAATCATCGAATCTTTGAACGCACATTGCGCCCCTTGGTATTCCATGGGGCATGCCTGTTCGAGCGTCATTTGTACCCTCAAGCTCTGCTTGGTGTTGGGTGTTTGTCCCGCCTTCGCGCGTGGACTCGCCTTAAAGTGATTGGCAGCCGGAATAATTCTGG","great",NA,"Q",3218,"Q","C",28.4,36.7,"Jan22","k__Fungi","p__Ascomycota","c__Dothideomycetes","o__Pleosporales","f__Cucurbitariaceae","g__Pyrenochaeta",NA
"85","3218e_QC.scf",0,"GAATTCAGTGAATCATCGAATCTTTGAACGCACATTGCGCCCCTTGGTATTCCATGGGGCATGCCTGTTCGAGCGTCATTTGTACCCTCGAGCTCTGCTTGGTGTTGGGTGTTTGTCCCGCCTTCGCGCGTGGACTCGCCTT","decent",NA,"Q",3218,"Q","C",2.1,70.4,"Jan22","k__Fungi","p__Ascomycota","c__Dothideomycetes","o__Pleosporales",NA,NA,NA
"86","3221e_QC.scf",1,"TGAACATACCATTATCGTTGCCTCGGCGGTGCCCGCTTCGGCGGCCCGCCAGAGGACTCAAACCCTTGAATTTTTACAGTTGTCTTCTGAGTACATGATTAAATCAATCAAAACTTTCAACAACGGATCTCTTGGCTCTGGCATCGATGAAGAACGCAGCGAAATGCGATAAGTAATGTGAATTGCAGAATTCAGTGAATCATCGAATCTTTGAACGCACATTGCGCCCGCCAGTATTCTGGCGGGCATGCCTGTTCGAGCGTCATTTCAACCCTCAAGCCCCCGGGCTTGGTGTTGGAGATCGGCGGGCCCTCCGGGGCGCGCCGCCTCCCAAATATAGTGGCGGTCTCGCTGTAGCTTCCTCTGCGTAGTAGCACACCTCGCA","great",NA,"Q",3221,"Q","C",65.2,16.3,"Jan22","k__Fungi","p__Ascomycota","c__Sordariomycetes","o__Hypocreales","f__Nectriaceae","g__Ilyonectria","s__lusitanica"
"87","3290d_PC.scf",1,"GTTCAACCCTTTGTCTTTTGCGTACTGTATGTTTCCTCGGCGGGTTCGCCCGCCGATAGGACACTTCAAAACCTTTTGTAATTGCAATCAGCGTCAGAAAAACTATAATAGTTACAACTTTCAACAACGGATCTCTTGGTTCTGGCATCGATGAAGAACGCAGCGAAATGCGAAAAGTAGTGTGAATTGCAGAATTCAGTGAATCATCGAATCTTTGAACGCACATTGCGCCCCTTGGTATTCCATGGGGCATGCCTGTTCGAGCGTCATTTGTACCCTCAAGCTCTGCTTGGTGTTGGGTGTTTGTCCCGC","great",NA,"Q",3290,"P","C",58.4,12.8,"Jan22","k__Fungi","p__Ascomycota","c__Dothideomycetes","o__Pleosporales","f__Cucurbitariaceae","g__Pyrenochaeta",NA
"88","3300d_PC.scf",0,"TATGTAATGGAATGTCTTTTGTGCTATAATGTACAATATAAACAACTTTCAACAACGGATCTCTTGGCTCTCGCATCGATGAAGAACGCAGCGAAATGCGATAAGTAATGTGAA","decent",NA,"Q",3300,"P","C",3.1,57.3,"Jan22","k__Fungi","p__Basidiomycota","c__Agaricomycetes","o__Sebacinales","f__Serendipitaceae","g__Serendipita","s__herbamans"
"89","3309a_PC.scf",1,"TTTGTAATTGCAATCAGCGTCAGAAAAACTATAATAGTTACAACTTTCAACAACGGATCTCTTGGTTCTGGCATCGATGAAGAACGCAGCGAAATGCGAAAAGTAGTGTGAATTGCAGAATTCAGTGAATCATCGAATCTTTGAACGCACATTGCGCCCCTTGGTATTCCATGGGGCATGCCTGTTCGAGCGTCATTTGTACCCTCAAGCTCTGCTTGGTGTTGGGTGTTTGTCCCGCCTT","great",NA,"Q",3309,"P","C",55.1,17.3,"Jan22","k__Fungi","p__Ascomycota","c__Dothideomycetes","o__Pleosporales","f__Cucurbitariaceae","g__Pyrenochaeta",NA
"90","3309d_PC.scf",1,"ATAAACAACTTTCAACAACGGATCTCTTGGCTCTCGCATCGATGAAGAACGCAGCGAAATGCGATAAGTAATGTGAATTGCAGAATTCAGTGAATCATCGAATCTTTGAACGCACCTTGCACCCTTTGGTATTCCGAAGGGTACGCCCGTTTGAGTGTCATTGTAATCTCACTTCAACAACTTTATTGTTG","great",NA,"Q",3309,"P","C",14.2,24.4,"Jan22","k__Fungi","p__Basidiomycota","c__Agaricomycetes","o__Sebacinales",NA,NA,NA
"91","3309f_PC.scf",1,"GTCTTTTGCGTACTGTATGTTTCCTCGGCGGGTTCGCCCGCCGATAGGACACTTCAAAACCTTTTGTAATTGCAATCAGCGTCAGAAAAACTATAATAGTTACAACTTTCAACAACGGATCTCTTGGTTCTGGCATCGATGAAGAACGCAGCGAAATGCAAAAAGTAGTGTGAATTGCAGAATTCAGTGAATCATCGAATCTTTGAACGCACATTGCGCCCCTTGGTATTCCATGGGGCATGCCTGTTCGAGCGTCATTT","great",NA,"Q",3309,"P","C",30.9,12.5,"Jan22","k__Fungi","p__Ascomycota","c__Dothideomycetes","o__Pleosporales",NA,NA,NA
"92","3318d_PC.scf",1,"CGCTCGGTCGCAAATCCACACACCTGTGCATCTATGACTCGAGGTTGTCGTCGCATGACCGAGAGTAACTTTTACACACTCTTGAATGTAATGGAATGTCTACTGTGCATAATGTACAATTAAACAACTTTCAACAACGGATCTCTTGGCTCTCGCATCGATGAAGAACGCAGCGAAATGCGATAAGTAATGTGAATTGCAGAATTCAGTGAATCATCGAATCTTTGAACGCACCTTGCACCCTTTGGTATTCCGAAGGGTACGCCCGTTTGAGCGTCATTGTAATCTCACTTCTACCACTTTGTTGTTGTA","great",NA,"Q",3318,"P","C",68.6,4.4,"Jan22","k__Fungi","p__Basidiomycota","c__Agaricomycetes","o__Sebacinales",NA,NA,NA
"93","3319a_PC.scf",1,"TTTGTCTTTTGCGTACTGTATGTTTCCTCGGCGGGTTCGCCCGCCGATAGGACACTTCAAAACCTTTTGTAATTGCAATCAGCGTCAGAAAAACTATAATAGTTACAACTTTCAACAACGGATCTCTTGGTTCTGGCATCGATGAAGAACGCAGCGAAATGCGAAAAGTAGTGTGAATTGCAGAATTCAGTGAATCATCGAATCTTTGAACG","great",NA,"Q",3319,"P","C",49.7,7.6,"Jan22","k__Fungi","p__Ascomycota","c__Dothideomycetes","o__Pleosporales",NA,NA,NA
"94","3579b_QQ.scf",1,"GATAAATAAAGCTCGCCGCGTGCAAGTTGGCCGTATAGCCAGCAACACAATCGAATTGACGGGGACCTCCTAAAGCCTGCAACACCAACCGTCCGGGGAAACTCGGGCGGGGCCCTCACGGGGTGGTAAGAGAGTGCAGGATGAACAATGGACGATCCGCAGCGAAGACCCTACCGGCGAGAGCCCACGGGTACCGTTCACAGACTAAGTGATTGTGGGCGGGGCATTAGTCCCCGTCTAAGATATAGTCGGTCTCTGCTCGAAAGGGCAGAGCCTAGCGCGTCCGTAGGTGAACCTGCGGAAGGATCATTAAAGAATCGC","great",NA,"B",3579,"Q","Q",43.9,12.4,"Jan22","k__Fungi","p__Ascomycota","c__Leotiomycetes","o__Helotiales","f__Dermateaceae",NA,NA
"95","3579c_QQ.scf",1,"CCTAGGTGGTTGATATCAGCTGCCGTCCAACATTGCCTGATAGCTCAATCAGCCCGAGTGGTTAACTCGGATTTGATCTTTTTTACTGATGGGTTAAGCTTTAATCGGTCAACGAGCTTAATTTATGTCCATCAGGATCAGCTATGCAGGCCCCT","decent",NA,"B",3579,"Q","Q",6.4,46.1,"Jan22","k__Fungi","p__Ascomycota","c__Pezizomycetes","o__Pezizales","f__Tuberaceae","g__Tuber","s__candidum"
"96","3579d_QQ.scf",0,"TGTTGCAGCCGGCTGCTTGGGCTGATTGGCTGGCAGACCTAATGCCTGCGACGGCAACCGTCCGGGGAAACTCGGGAGGGCCCTGAAGGGGTGG","decent",NA,"L",3579,"Q","Q",5,60.8,"Jan22","k__Fungi",NA,NA,NA,NA,NA,NA
"97","3579h_QQ.scf",0,"TCTCTTGTCTATGAATCCACAAAAAAGCGAAAAATAGTGAAAGTAGGAAAATTG","bad",NA,"L",3579,"Q","Q",2,74,"Jan22","k__Fungi","p__Basidiomycota",NA,NA,NA,NA,NA
"98","3678b_QQ.scf",0,"GACTATGATAACTCTGCTACCCAGTAGTTGGATTGAAGGACTTGCGCTTTTAGCTGTCTTTCAATATCGTAGTCTATGTTTTATCTATATA","decent",NA,"A",3678,"Q","Q",1.2,77.5,"Jan22","k__Fungi","p__Basidiomycota","c__Agaricomycetes","o__Agaricales","f__Tricholomataceae","g__Mycena",NA
"99","3678c_QQ.scf",0,"TGCTGGGTGCGAGAATAAACAGATAAAATCGTTATTTATCAACGACGATTTTGTAGATAGAATTATTAAAACTTGCGCCTAAAAGCTCTCTTGGTTCT","bad",NA,"A",3678,"Q","Q",1.7,73.6,"Jan22","k__Fungi",NA,NA,NA,NA,NA,NA
"100","3811d_PQ.scf",1,"TGGCCTTCGGGCATGTGCACGCCGACCGTGTTTCATAAATTTCTCACCTGTGAACCTAATGTAGGATGCCTATTCCTTTGGGATAGGGGACCTATGTCTTCATATACATCTCCGTGTAGAAAGTCTTAGAATGTTTACTATCATAGAGTCGCAACTTCTAGGAGACGCGAATCTGTGAGATAAAAGTTATTACAACTTTCAGCAATGGATCTCTTGGCTCTCGCATCGATGAAGAACGCAGCGAAAAGCGATATGTAATGTGAATTGCAGATCTACAGTGAATCATCGAATCTTTGAACGCACCTTGCGCTCCTCGGTGTTCCGAGGAGCATGCCTGTTTGAGTGTCAGTAAATTCTCAACCCCTCTTGATTGAGGGAGTTTGGAT","great",NA,"G",3811,"P","Q",65.8,4.8,"Jan22","k__Fungi","p__Basidiomycota","c__Agaricomycetes","o__Boletales","f__Rhizopogonaceae","g__Rhizopogon","s__hawkerae"
"101","3866c_PQ.scf",1,"CTTTGCAGTTGCAATCAGCGTCTGAAAAAACTTAATAGTTACAACTTTCAACAACGGATCTCTTGGTTCTGGCATCGATGAAGAACGCAGCGAAATGCGATAAGTAGTGTGAATTGCAGAATTCAGTGAATCATCGAATCTTTGAACGCACATTGCGCCCCTTGGTATTCCATGGGGCATGCCTGTTCGAGCGTCATTTGTACCTTCAAGCTCTGCTTGGTGTTGGGTGT","great",NA,"G",3866,"P","Q",51.7,21.8,"Jan22","k__Fungi","p__Ascomycota","c__Dothideomycetes","o__Pleosporales","f__Didymellaceae",NA,NA
"102","3875b_PQ.scf",1,"TCATAAATTTCTCACCTGTGAACCTAATGTAGGATGCCTATTCCTTTGGGATAGGGGACCTATGTCTTCATATACATCTCCGTGTAGAAAGTCTTAGAATGTTTACTATCATAGAGTCGCGACTTCTAGGAGACGCGAATCTGTGAGATAAAAGTTATTACAACTTTCAGCAATGGATCTCTTGGCTCTCGCATCGATGAAGAACGCAGCGAAAAGCGATATGTAATGTGAATTGCAGATCTACAGTGAATCATCGAATCTTTGAACGCACCTTGCGCTCCTCGGTGTTCCGAGGAGCATGCCTGTTTGAGTGTCAGTAAATTCTCAACCCCTCTTGATTGAGGGAGTTT","great",NA,"G",3875,"P","Q",69.4,5.2,"Jan22","k__Fungi","p__Basidiomycota","c__Agaricomycetes","o__Boletales","f__Rhizopogonaceae","g__Rhizopogon","s__hawkerae"
"103","3875h_PQ.scf",1,"CCGCGCTCGCCGAAGACACCTTAGAACTCTGTCTGAAGATTGTAGTCTGAGATTAAATATAAATTATTTAAAACTTTCAACAACGGATCTCTTGGTTCCGGCATCGATGAAGAACGCAGCGAAATGCGATACGTAATGTGAATTGCAGAATTCAGTGAATCATCGAGTCTTTGAACGCACATTGCGCCCTCTGGTATTCCGGAGGGCATGCCTGTCCGAGCGTC","great",NA,"G",3875,"P","Q",41,9.4,"Jan22","k__Fungi","p__Ascomycota","c__Eurotiomycetes","o__Eurotiales","f__Aspergillaceae","g__Penicillium","s__brevicompactum"
"104","3892c_PQ.scf",1,"AACTCTTTAACTTTGCAGTCTGAGTAAATTTAATAATAAAATTAAAACTTTCAACAACGGATCTCTTGGTTCT","decent",NA,"G",3892,"P","Q",5.7,59.7,"Jan22","k__Fungi","p__Ascomycota",NA,NA,NA,NA,NA
"105","3909d_PQ.scf",1,"TGTGCACGCTGACCGTGTTTCATAAATTTCTCACCTGTGAACCTAATGTAGGATGCCTATTCCTTTGGGATAGGGGACCTATGTCTTCATATACATCTCCGTGTAGAAAGTCTTAGAATGTTTACTATCATAGAGTCGCGACTTCTAGGAGACGCGAATCTGTGAGATAAAAGTTATTACAACTTTCAGCAATGGATCTCTTGGCTCTCGCATCGATGAAGAACGCAGCGAAAAGCGATATGTAATGTGAATTGCAGATCTACAG","great",NA,"F",3909,"P","Q",56.8,6.6,"Jan22","k__Fungi","p__Basidiomycota","c__Agaricomycetes","o__Boletales","f__Rhizopogonaceae","g__Rhizopogon","s__rudus"
"106","3909f_PQ.scf",0,"ATGGCCCTTCTTTGCGTTACTTTACACAAACTCTTGAATGTCATACAATGGATATTGGCCTACGGGCTTTAATTTAAATACAACTTTCAGCAA","bad",NA,"G",3909,"P","Q",2.3,53.6,"Jan22","k__Fungi","p__Basidiomycota","c__Agaricomycetes","o__Hymenochaetales","f__Hymenochaetales_fam_Incertae_sedis","g__Peniophorella","s__pubera"
"107","4040b_QP.scf",0,"AGACTCTTCTGAATTTTTAAAATAGAAATTAAAGGATGACGCAACGGATCTCTTGGCTCTCGCCTCGATGAAGAGAGCCCCGAGGTGCCATACGCAGAGTAATGGCAGAGTTCAGGGCATTATCGAATCTCTGAGAGCACATTGCGCCTTGCGGTATACGGGGAGGCTGG","bad",NA,"L",4040,"Q","P",3.7,60.9,"Jan22","k__Fungi",NA,NA,NA,NA,NA,NA
"108","4040d_QP.scf",1,"CCCACCCTTGAATACTATACCTTTGTTGCTTTGGCGGGCCGCCTCGGCTACCGGCTTCGGCTGGTAAGTGCCCGCCAGAGGACCCTAAACTCTGAATGTTAATGTCGTCTGAGTACTATATAATAGTTAAAACTTTCAACAACGGATCTCTTGGTTCTGGCATCGATGAAGAACGCAGCGAAATGCGATAAGTAATGTGAATTGCAGAATTCAGTGAATCATCGAATCTTTGAACGCACATTGCGCCCCTTGGTATTCCGAGGGGCATGCCTGTTCGAGCGTCATTATAACCCTCAAGCCTAGCTTGGTGTTGGGGCCTGCTGTTACCGGCAG","great",NA,"E",4040,"Q","P",68.8,11.9,"Jan22","k__Fungi","p__Ascomycota","c__Leotiomycetes","o__Helotiales","f__Helotiales_fam_Incertae_sedis","g__Leohumicola",NA
"109","4040f_QP.scf",0,"GGGCTGTACAGTTAGCTGAATAGCCTGGCCGGAAGGTTAACATAAAATATTGTTTTTAGATTCTTCTGAATTTTTAAAATAGAAGTTAAAACTTTCAACAACGGATCTCGTGGCTCTCGCA","decent",NA,"D",4040,"Q","P",1.2,63.3,"Jan22","k__Fungi","p__Ascomycota","c__Pezizomycetes","o__Pezizales","f__Pyronemataceae","g__Pustularia",NA
"110","4040g_QP.scf",1,"CCCCTTGTCTAAACCACCTGTTGCTTCCGGCTGTTTGGGCTGTACAGTTAGCTGAATAGCCTGGCCGGAAGGTTAACATAAAATATTGTATTTAGAGTCTTCTGAATTTTTAAAATAGAAGTTAAAACTTTCAACAACGGATCTCTTGGTTCTCGCATCGATGAAGAACGCAGCGAAATGCGATAAGTAGTGTGAATTGCAGAATTCAGTGAATCATCGAATCTTTGAACGCACATTGCGCCTTCCGGTATTCCGGGAGGCATGCCTGTCCGAG","good",NA,"L",4040,"Q","P",12,23.2,"Jan22","k__Fungi","p__Ascomycota","c__Pezizomycetes","o__Pezizales","f__Pyronemataceae","g__Pustularia",NA
"111","4040h_QP.scf",1,"CCCCCTTGTCTAAACCACCTGTTGCTTCCGGCTGTTTGGGCTGTACAGTTAGCTGAATAGCCTGGCCGGAAGGTTAACATAAAATATTGTATTTAGAGTCTTCTGAATTTTTAAAATAGAAGTTAAAACTTTCAACAACGGATCTCTTGGTTCTCGCATCGATGAAGAACGCAGCGAAATGCGATAAGTAGTGTGAATTGCAGAATTCAGTGAATCATCGAATCTTTGAACGCACATTGCGCCTTCCGGTATTCCGGGAGGCATGCCTGTCCGAGCGTCATCAAAAACCACTCAAGTA","good",NA,"L",4040,"Q","P",39.3,24.6,"Jan22","k__Fungi","p__Ascomycota","c__Pezizomycetes","o__Pezizales","f__Pyronemataceae","g__Pustularia",NA
"112","4084a_QP.scf",0,"GTCTCTCGGATCAATGATGAATGCCGCGAATTATCAAATCTAAGAAGGCTTATTGAACTCGGTGGTACACCGCCGGTATTAC","bad",NA,"D",4084,"Q","P",1.5,74.5,"Jan22","k__Fungi",NA,NA,NA,NA,NA,NA
"113","4084f_QP.scf",0,"CGCTGGCACATGAACGCCTGGAGTTTCCACATGGGGCGGGGCGCTTGCACTTGAAGGCCTGTCTGTGTCATATATCGATGTGCGCGCTCGCATATACGACGAACACCGATGG","bad",NA,"L",4084,"Q","P",1.1,71.5,"Jan22","k__Fungi",NA,NA,NA,NA,NA,NA
"114","4084h_QP.scf",0,"CCCGGCCCTACTCGGGCGCCCGCCGGATGTAGAATCTTGAACTTTTATGGCCTCTCTGAGTCTTTGTACTTAATAAGTCAAAACTTTCAACAACGGATCTCTTGGTTCTGGCCTCGATGAAGAAAGCAGCGAAATGCGATAAGTAAAGTAAATTGCAGAATTCAGTGAATCA","bad",NA,"D",4084,"Q","P",2.1,65.3,"Jan22","k__Fungi","p__Ascomycota","c__Sordariomycetes","o__Sordariales","f__Chaetomiaceae","g__Humicola","s__nigrescens"
"115","4084h_QP.scf",0,"CCCGGCCCTACTCGGGCGCCCGCCGGATGTAGAATCTTGAACTTTTATGGCCTCTCTGAGTCTTTGTACTTAATAAGTCAAAACTTTCAACAACGGATCTCTTGGTTCTGGCCTCGATGAAGAAAGCAGCGAAATGCGATAAGTAAAGTAAATTGCAGAATTCAGTGAATCA","bad",NA,"D",4084,"Q","P",2.1,65.3,"Jan22","k__Fungi","p__Ascomycota","c__Sordariomycetes","o__Sordariales","f__Chaetomiaceae","g__Humicola","s__nigrescens"
"116","4125b_QP.scf",0,"CAGGCTATCGGCTTCGGCTGGTAAGCGCCCGCCAGAGGCACCCCAACATCCTGATTATTAGTGTCGTCTGAGTCCTATGCAATAGTTAAAACTTTCAACAACGGATCTCTTGGTTCTGGCTCGATGAAGAACGCAGCGAAA","bad",NA,"C",4125,"Q","P",2.5,61,"Jan22","k__Fungi","p__Ascomycota","c__Leotiomycetes","o__Helotiales","f__Hyaloscyphaceae","g__Hyphodiscus",NA
"117","4125h_QP.scf",1,"CCCGGCCCTACTCGGGCGCCCGCCGGATGTAGAATCTTGAACTTTTATGGCCTCTCTGAGTCTTTGTACTTAATAAGTCAAAACTTTCAACAACGGATCTCTTGGTTCTGGCCTCGATGAAGAAAGCAGCGAAATGCGATAAGTAAAGTAAATTGCAGAATTCAGTGAATCA","decent",NA,"B",4125,"Q","P",7.1,50.8,"Jan22","k__Fungi","p__Ascomycota","c__Sordariomycetes","o__Sordariales","f__Chaetomiaceae","g__Humicola","s__nigrescens"
"118","4125h_QP.scf",1,"CCCGGCCCTACTCGGGCGCCCGCCGGATGTAGAATCTTGAACTTTTATGGCCTCTCTGAGTCTTTGTACTTAATAAGTCAAAACTTTCAACAACGGATCTCTTGGTTCTGGCCTCGATGAAGAAAGCAGCGAAATGCGATAAGTAAAGTAAATTGCAGAATTCAGTGAATCA","decent",NA,"B",4125,"Q","P",7.1,50.8,"Jan22","k__Fungi","p__Ascomycota","c__Sordariomycetes","o__Sordariales","f__Chaetomiaceae","g__Humicola","s__nigrescens"
"119","4126f_QP.scf",0,"GGGGTGAGGCGCTGGCACTTGATCGCGTCTTTGAGTGATATTGCGCTGGGCTCCTGATTTTATGAACTTTTAACGATGGATCTCTTGGCTCCTGCAATGATTGAATCTGTGAATAATCGCGACTCTCAACGCTACTTGCACGATTGTGTCAGTCCT","bad",NA,"L",4126,"Q","P",4.9,55.1,"Jan22","k__Fungi",NA,NA,NA,NA,NA,NA
"120","4126h_QP.scf",0,"GCCCGCCAGAAAACCAAACTCTGAATGTTAGTGATGTCTGAGTACTATCTAATAGTTAAAACTTTCAACAACGGATCTCTTGGTTCTGGCATCCATGAAGAACAC","decent",NA,"L",4126,"Q","P",3.6,38,"Jan22","k__Fungi","p__Ascomycota","c__Leotiomycetes","o__Helotiales","f__Vibrisseaceae",NA,NA
"121","4128c_QP.scf",0,"CAACCGGCCGGCGAAACTCGGACGGGGCCCTCACGGGGTGGAAAGAGAGTGTAGGATGAACAATGGATAATCCGCAGCGAAGACCCTACCGGCGAG","bad",NA,"C",4128,"Q","P",2.4,58.6,"Jan22","k__Fungi",NA,NA,NA,NA,NA,NA
"122","4128d_QP.scf",0,"GGGCCCGCGAAAAAACCACAACGTGAGAGGTGGTGGTGCTGGAATACTAGCTTGAAGCTGGAACTTTCGACAGCGAATACCTTGGGTCTGAGA","bad",NA,"D",4128,"Q","P",1.2,71.3,"Jan22","k__Fungi",NA,NA,NA,NA,NA,NA
"123","4128f_QP.scf",1,"CTAAATAAAGCTCGCCGCGTGCAAGTTGGCCGTAAGGTCAGCAACACAATCGAATTGACGGGGACTTCCTAAAGCCTGCAACACCAACCGCCCGGGGAAACTCGGGCGGGGCCCTCACGGGGTGGTAAGAGAGTGCAGGATGAACAATGGATGATCCGCAGCGAAGACCCTACCGGCGAGAGCCCACGGGTACCGTTCACAGACTAAGTGATTGTGGGCGGGGCGTCAGGCCCCGTCTAAGATATAGTCGGTCTCTGCTCGAAAGGGCAGAGCCTAGCGCGTCCGTAGGTGAACCTGCGGAAGGATCATTAAAGAATCGCCCCGTTTTTTGAAATGGGTTCTAT","great",NA,"L",4128,"Q","P",65.3,4.9,"Jan22","k__Fungi","p__Ascomycota","c__Leotiomycetes","o__Helotiales",NA,NA,NA
"124","4171a_QP.scf",1,"ACACCAACCGTCCGGGGAAACTCGGGCGGGGCCCTCACGGGGAGGTAAGAGAGTGCAGGATGAACAATGGACGATCCGCAGCGAAGACCCTACCGGCGAGAGCCCACGGGTACCGTTCACAGACTAAGTGATTGTGGGCGGGGCGTCAGGC","good",NA,"C",4171,"Q","P",7.1,30.2,"Jan22","k__Fungi","p__Ascomycota","c__Leotiomycetes","o__Helotiales",NA,NA,NA
"125","4171b_QP.scf",0,"GGGCGGGGCCCTCACGGGGTGGTAAGAGAGTGCAGGATGAACAATGGACGATCCGCAGCGAAGACCCTACCGGCGAGAGCCCACGGGTACCGTTCACAGACTAAGTGATTGTG","good",NA,"A",4171,"Q","P",3.2,45.1,"Jan22","k__Fungi","p__Ascomycota","c__Leotiomycetes","o__Helotiales","f__Hyaloscyphaceae",NA,NA
"126","4171d_QP.scf",0,"GCCCTCACGGGGTGGTAAGAGAGTGCAGGATGAACAATGGACGATCCGCAGCGAAGACCCTACCGGCGAGAGCCCACGGGTACCGCTCACAGACTAAG","bad",NA,"D",4171,"Q","P",1.1,61.4,"Jan22","k__Fungi","p__Ascomycota",NA,NA,NA,NA,NA
"127","4171e_QP.scf",1,"TTTGAATATACATTTCAAACCCCCTTGTCTAAACCACCTGTTGCTTCCGGCTGTTTGGGCTGTACAGTTAGCTGAATAGCCTGGCCGGAAGGTTAACATAAAATATTGTATTTAGAGTCTTCTGAATTTTTAAAATAGAAGTTAAAACTTTCAACAACGGATCTCTTGGTTCTCGCATCGATGAAGAACGCAGCGAAATGCGATAAGTAGTGTGAATTGCAGAATTCAGTGAATCATCGAATCTTTGAACGCACATTGCGCCTTCCGGTATTCCGGGAGGCATGCCTGTCCGAGCGTCATCAAAAA","great",NA,"E",4171,"Q","P",79.4,4.5,"Jan22","k__Fungi","p__Ascomycota","c__Pezizomycetes","o__Pezizales","f__Pyronemataceae","g__Pustularia",NA
"128","4171f_QP.scf",1,"TCTAAACCACCTGTTGCTTCCGGCTGTTTGGGCTGTACAGTTAGCTGAATAGCCTGGCCGGAAGGTTAACATAAAATATTGTATTTAGAGTCTTCTGAATTTTTAAAATAAAAGTTAAAACTTTCAACAACGGATCTCTTGGTTCTCGCATCGATGAAGAACGCAGCGAAATGCGATAAGTAGTGTGAATTGCAGAATTCAGTGAATCATCGAATCTTTGAACGCACATTGCGCCTTCCGGTATTCCGGGAGGCATGCC","good",NA,"D",4171,"Q","P",32.4,21.6,"Jan22","k__Fungi","p__Ascomycota","c__Pezizomycetes","o__Pezizales","f__Pyronemataceae","g__Pustularia",NA
"129","4179c_QP.scf",1,"CTTCGGTCAGGCTATCGGCTTCGGCTGGTAAGCGCCCGCCAGAGGACCCCAACATCCTGATTATTAGTGTCGTCTGAGTCCTATGCAATAGTTAAAACTTTCAACAACGGATCTCTTG","good",NA,"D",4179,"Q","P",11.2,20.9,"Jan22","k__Fungi","p__Ascomycota","c__Leotiomycetes","o__Helotiales","f__Hyaloscyphaceae","g__Hyphodiscus",NA
"130","4179e_QP.scf",0,"GGCTTCGGCTGGTAAGCGCCCGCCAGAGGACCCCAACATCCTGATTATTAGTGTCGTCTGAGTCCTATGCA","decent",NA,"C",4179,"Q","P",3.3,29.9,"Jan22","k__Fungi","p__Ascomycota","c__Leotiomycetes","o__Helotiales","f__Hyaloscyphaceae","g__Hyphodiscus",NA
"131","4179f_QP.scf",0,"CTGTACAGCTAGCTGAATAGCCTGGCCGGAAGGTTAACATAAAATATTGTATTTAGAGTCTTCTGAATT","bad",NA,"C",4179,"Q","P",3.9,51.7,"Jan22","k__Fungi","p__Ascomycota","c__Pezizomycetes","o__Pezizales","f__Pyronemataceae","g__Pustularia",NA
"132","4179g_QP.scf",1,"GTTAACATAAAATATTGTATTTAGAGTCTTCTGAATTTTTAAAATAGAAGTTAAAACTTTCAACAACGGATCTCTTGGTTCTCGCATCGATGAAGAACGCAGCGAAATGCGATAAGTAGTGTGAATTGCAGAATTCAGTGAATCATCGAATCTTTGAACGCACATTGCGCCTTCCGGTATTCCGGGAGGCATGCCTGTCCGAGCGTCATCAAAAACCACT","good",NA,"D",4179,"Q","P",35.4,18.6,"Jan22","k__Fungi","p__Ascomycota","c__Pezizomycetes","o__Pezizales","f__Pyronemataceae","g__Pustularia",NA
"133","4179h_QP.scf",0,"AGTAACGTCCGGTTCAAGAAAGAAGTGTCAAATACGAGTATCTTGGATCTGGCATCCCTAAAGACCTCAGCGCTTTGCGAGACGGAACGCTAGTTGCACAATCCAATGAA","bad",NA,"L",4179,"Q","P",2.1,67.8,"Jan22","k__Fungi",NA,NA,NA,NA,NA,NA
"134","4181b_QP.scf",1,"GTTGCTTCGGCGGGCGACCCGGGGGGTCCCCAGGCGCTTGCGCGCCCGCCGACGGCGCCAAACTCGAGCTTTAGCGGACTTCTGAGTAACAAAACAAACAAGTAAAAACTTTCAACAACGGATCTCTTGGCTCTGGCATCGATGAAGAACGCAGCGAAATGCGATAAGTAATGTGAATTGCAGAATCCAGTGAAT","good",NA,"E",4181,"Q","P",45.6,6.1,"Jan22","k__Fungi","p__Ascomycota","c__Sordariomycetes",NA,NA,NA,NA
"135","4181d_QP.scf",0,"TTGCTTCCGGCTGTTTGGGCTGTACGGTTAGCTGAATAGCCTGGTGCGAAGGCTAACATAAAATATTGCATTTAGAGTCTTCTGAATTTTTAAAATAGAAGTTAAAACTTTCAACAACGGATCTC","decent",NA,"D",4181,"Q","P",1.5,65.5,"Jan22","k__Fungi","p__Ascomycota","c__Pezizomycetes","o__Pezizales","f__Pyronemataceae","g__Pustularia",NA
"136","4418g_PP.scf",0,"AAACTCTGATTTTATTGTGAATCTCTGAGGGGCGAAAGCCCGAAAACAAAATGAATCAAAACTTTCAACAACGGATCTCTTGGCTCTGGCATCGATGAAGAACGCAGCGAAATGCGATAAGTAATGTGAATTGCAGAATTCAGTGAATCATCGAATCTTT","good","Sarocladium kiliense","G",4418,"P","P",2.7,33.7,"Dec21","k__Fungi","p__Ascomycota","c__Sordariomycetes","o__Hypocreales","f__Hypocreales_fam_Incertae_sedis","g__Sarocladium","s__kiliense"
"137","4418f_PP.scf",0,"ACCTTAGAACTCTGACTGAAGATTGTAGTCTGAGATTAATTTCAATTATTTAAAACTTGCATC","bad","none","G",4418,"P","P",1.1,77.1,"Dec21","k__Fungi","p__Ascomycota","c__Eurotiomycetes","o__Eurotiales","f__Aspergillaceae","g__Penicillium",NA
"138","4418e_PP.scf",1,"ACATAAAATATTGTATTTAGAGTCTTCTGAATTTTTAAAATAAAAGTTAAAACTTTCAACAACGGATCTCTTGGTTCTCGCATCGATGAAGAACGCAGCGAAATGCGATAAGTAGTGTGAATTGCAGAATTCAGTGAATCATCGAATCTTTGAACGCACATTGCGCCTTCCGG","decent","Sphaerosporella","G",4418,"P","P",17.4,32.9,"Dec21","k__Fungi","p__Ascomycota","c__Pezizomycetes","o__Pezizales","f__Pyronemataceae","g__Pustularia",NA
"139","4418d_PP.scf",1,"CGCTGGCCTTCGGGCATGTGCACGCCGACCGTGTTTCATAAATTTCTCACCTGTGAACCTAATGTAGGATGCCTATTCCTTTGGGATAGGGGACCTATGTCTTCATATACATCTCCGTGTAGAAAGTCTTAGAATGTTTACTATCATAGAGTCGCGACTTCTAGGAGACGCGAATCTGTGAGATAAAAGTTATTACAACTTTCAGCAATGGATCTCTTGGCTCTCGCATCGATGAAGAACG","great","Rhizopogon","G",4418,"P","P",42.5,44.9,"Dec21","k__Fungi","p__Basidiomycota","c__Agaricomycetes","o__Boletales","f__Rhizopogonaceae","g__Rhizopogon","s__hawkerae"
"140","4418c_PP.scf",1,"TGTGCACGCCGACCGTGTTTCATAAATTTCTCACCTGTGAACCTAATGTAGGATGCCTATTCCTTTGGGATAGGGGACCTATGTCTTCATATACATCTCCGTGTAGAAAGTCTTAGAATGTTTACTATCATAGAGTGGCGACTTCTAGGAGACGCGAATCTGTGAGATAAAAGTTATTACAACTTTCAGCAATGGATCTCTTGGCTCTCGCATCGATGAAGAACGCAGCGAAAAGCGATATGTAATGTGAATTGCAGATCTACAGTGAATCATCGAATCTTTGAACGCACCTTGCGCTCCTCGGTGTTCCGAGGAGCATGCCTGTTTGAGTGTCAGTAA","great","Rhizopogon","G",4418,"P","P",39,13.2,"Dec21","k__Fungi","p__Basidiomycota","c__Agaricomycetes","o__Boletales","f__Rhizopogonaceae","g__Rhizopogon",NA
"141","4418b_PP.scf",1,"GTTTACTATCATAGAGTCGCGACTTCTAGGAGACGCGAATCTGTGAGATAAAAGTTATTACAACTTTCAGCAATGGATCTCTTGGCTCTCGCATCGATGAAGAACGCAGCGAAAAGCGATATGTAATGTGAATTGCAGATCTACAGTGAATCATCGAATCTTTGAACGCACCTTGCGCTCCTCGGTGTTCCGAGGAGCAT","great","Rhizopogon","G",4418,"P","P",31.9,16.1,"Dec21","k__Fungi","p__Basidiomycota","c__Agaricomycetes","o__Boletales","f__Rhizopogonaceae","g__Rhizopogon",NA
"142","4383h_PP.scf",1,"TGTTTCATAAATTTCTCACCTGTGAACCTAATGTAGGATGCCTATTCCTTTGGGATAGGGGACCTATGTCTTCATATACATCTCCGTGTAGAAAGTCTTAGAATGTTTACTATCATAGAGTCGCGACTTCTAGGAGACGCGAATCTGTGAGATAAAAGTTATTACAACTTTCAGCAATGGATCTCTTGGCTCTCGCATCGATGAAGAACGCAGCGAAAAGCGATATGTAATGTGAATTGCAGATCTACAGTGAATCATCGAATCTTTGAACGCACCTTGCGCTCCTCGGTGTTCCGAGGAGCATGCCTGTTTGAGTGTCA","great","Rhizopogon","G",4383,"P","P",55.6,8,"Dec21","k__Fungi","p__Basidiomycota","c__Agaricomycetes","o__Boletales","f__Rhizopogonaceae","g__Rhizopogon","s__hawkerae"
"143","4383g_PP.scf",0,"AAAGTCTTAGAATGTTTACTATCATAGAGTCGCGACTTCTAGGAGACGCGAATCTGTGAGATAAAAGTTATTACAACTTTCAGCAATGGATCTCTTGGCTCTCGCATCGATGAAGAA","good","Rhizopogon","G",4383,"P","P",5,26.1,"Dec21","k__Fungi","p__Basidiomycota","c__Agaricomycetes","o__Boletales","f__Rhizopogonaceae","g__Rhizopogon",NA
"144","4383c_PP.scf",1,"ATTACAACTTTCAGCAATGGATCTCTTGGCTCTCGCATCGATGAAGAACGCAGCGAAAAGCGATATGTAATGTGAATTGCAGATCTACAGTGAATCATCGAATCTTTGAACG","good","Rhizopogon","G",4383,"P","P",27.8,15.7,"Dec21","k__Fungi","p__Basidiomycota","c__Agaricomycetes","o__Boletales","f__Rhizopogonaceae","g__Rhizopogon","s__roseolus"
"145","4377h_PP.scf",1,"GCTGCTGCCCGCGAGTGGCTACTGGGAAAGGTCTTATTTAACACCTTCAATTGAATTTGCTGTCTGAGT","good","Tuber","J",4377,"P","P",7.9,50.4,"Dec21","k__Fungi","p__Ascomycota",NA,NA,NA,NA,NA
"146","4377g_PP.scf",0,"GGATCTCTTTGGCTCTCGCATCGATGAAGAACGCAGCGAAAAGCGATATGTAATGTTGAATTGCAGATCTACAGTGAATCATCG","decent","Rhizopogon","G",4377,"P","P",2.6,57.2,"Dec21","k__Fungi","p__Basidiomycota","c__Agaricomycetes","o__Boletales","f__Rhizopogonaceae","g__Rhizopogon",NA
"147","4377e_PP.scf",1,"GGAGACGCGAATCTGTGAGATAAAAGTTATTACAACTTTCAGCAATGGATCTCTTGGCTCTCGCATCGATGAAGAACGCAGCGAAAAGCGATATGTAATGTGAATTGCAGATCTACAGTGAATCATCGAATCTTTGAACGCACCTTGCGCTCCTCGGTGTTCCGAGGAGCATGCCT","great","Rhizopogon","G",4377,"P","P",22,41.3,"Dec21","k__Fungi","p__Basidiomycota","c__Agaricomycetes","o__Boletales","f__Rhizopogonaceae","g__Rhizopogon",NA
"148","4377d_PP.scf",1,"AGGAGACGCGAATCTGTGAGATAAAAGTTATTACAACTTTCAGCAATGGATCTCTTGGCTCTCGCATCGATGAAGAACGCAGCGAAAAGCGATATGTAATGTGAATTGCAGATCTACAGTGAATCATCGAATCTTTGAACGCACCTTGCGCTCCTCGGTGTTCCGAGGAGC","great","Rhizopogon","G",4377,"P","P",20.3,40.4,"Dec21","k__Fungi","p__Basidiomycota","c__Agaricomycetes","o__Boletales","f__Rhizopogonaceae","g__Rhizopogon",NA
"149","4377c_PP.scf",1,"TTCTAGGAGACGCGAATCTGTGAGATAAAAGTTATTACAACTTTCAGCAATGGATCTCTTGGCTCTCGCATCGATGAAGAACGCAGCGAAAAGCGATATGTAATGTGAATTGCAGATCTACAGTGAATCATCGAATCTTTGAACGCACCTTGCGCTCCTCGGTGTTCCGAGGAGCATGCCTGTTTGAGTGTCAGTAAATTCTCAACCCCTCTTGATTGAGGGAGTTTGGATAGTGGGGGTTTGCCGGAGACT","great","Rhizopogon","G",4377,"P","P",22.3,39.3,"Dec21","k__Fungi","p__Basidiomycota","c__Agaricomycetes","o__Boletales","f__Rhizopogonaceae","g__Rhizopogon","s__hawkerae"
"150","4377b_PP.scf",1,"AGGAGACGCGAATCTGTGAGATAAAAGTTATTACAACTTTCAGCAATGGATCTCTTGGCTCTCGCATCGATGAAGAACGCAGCGAAAAGCGATATGTAATGTGAATTGCAGATCTACAGTGAATCATCGAATCTTTGAACGCACCTTGCGCTCCTCGGTG","great","Rhizopogon","G",4377,"P","P",20.2,47.1,"Dec21","k__Fungi","p__Basidiomycota","c__Agaricomycetes","o__Boletales","f__Rhizopogonaceae","g__Rhizopogon",NA
"151","4377a_PP.scf",1,"AGGAGACGCGAATCTGTGAGATAAAAGTTATTACAACTTTCAGCAATGGATCTCTTGGCTCTCGCATCGATGAAGAACGCAGCGAAAAGCGATATGTAATGTGAATTGCAGATCTACAGTGAATCATCGAATCTTTGAACGCACCTTGCGCTCCTCGGTGTTCCGAGGAGCATGCCTGTTTGAGTGTCAGTAAATTCTCAACCCCTCTTGATTGAGGGAGTTTGGATAGTGGGGGTTTGCCGGAGACTTTTTGACTCGGGCTCTCCTGAAATGCATCGGCTTGCGGTCGACTTTCGACTATGCGCGACAAGGCTTTCGGCGTGATAATGATC","great","Rhizopogon","G",4377,"P","P",37.3,29.3,"Dec21","k__Fungi","p__Basidiomycota","c__Agaricomycetes","o__Boletales","f__Rhizopogonaceae","g__Rhizopogon","s__hawkerae"
"152","4348h_PP.scf",0,"CTCGCTAGTCACTCCGAGCGAGTAATACATCTCGCTCAGGGCGTGCTGCG","decent","Trichcladium","G",4348,"P","P",1.5,63.2,"Dec21","k__Fungi","p__Ascomycota","c__Sordariomycetes","o__Sordariales","f__Chaetomiaceae","g__Humicola","s__grisea"
"153","4348d_PP.scf",0,"GAATTTCTCAGCGAACCCTTACCGGTGAGAGCCTGGTACCCGAATAATGTAGTGG","bad","none","F",4348,"P","P",1.3,80.3,"Dec21","k__Fungi","p__Ascomycota",NA,NA,NA,NA,NA
"154","4348c_PP.scf",1,"TAGGAGACGCGAATCTGTGAGATAAAAGTTATTACAACTTTCAGCAATGGATCTCTTGGCTCTCGCATCGATGAAGAACGCAGCGAAAAGCGATATGTAATGTGAATTGCAGATCTACAGTGAATCATCGAATCTTTGAACGCACCTTGCGCTCCTCGGTGTTCCGAGGAGCATGCCTGTTTGAGTGTC","great","Rhizopogon","G",4348,"P","P",16.4,19.5,"Dec21","k__Fungi","p__Basidiomycota","c__Agaricomycetes","o__Boletales","f__Rhizopogonaceae","g__Rhizopogon",NA
"155","4348a_PP.scf",1,"AGGACCAACTCCAATCTCGGTATATCCAGCGCAAGAGAAGTCTGACTTTGGCCGCGCGCCATCAGTATCAAGGTACTTAAAACTTTCAACAACGGATCTCTTGGTTCTCGCATCGATGAAGAACGCAG","good","Choiromyces","G",4348,"P","P",18.1,31.8,"Dec21","k__Fungi","p__Ascomycota","c__Pezizomycetes","o__Pezizales","f__Tuberaceae","g__Choiromyces",NA
"156","4244e_PP.scf",0,"GGGGGGGCTCCCGGTGGACACTTCAACATCTTGTGGAATATTTTTGACTGAGGAAAAAATTTTAATAAAAAATAACAACTATCAACGGCTCACTTCTT","bad",NA,NA,4244,"P","P",1.2,82.1,"Dec21","k__Fungi",NA,NA,NA,NA,NA,NA
"157","4244a_PP.scf",0,"TGGACCCTTCAACTTCGCATGCCCTGCGTTTGAGTGAGAGATACATATCAATAAAAAATT","bad","none","G",4244,"P","P",1.4,63.3,"Dec21","k__Fungi","p__Ascomycota",NA,NA,NA,NA,NA
"158","4234h_PP.scf",1,"TAGGAGACGCGAATCTGTGAGATAAAAGTATTACAACTTTCAGCAATGGACTCTTGGCTCTCGCATCGATGAAGAACGCAGCGAAAAGCGATATGTAATGTGAATTGCAGATCTACAGTGAATCATCGAATCTTTGAACGCACCTTGCGCTCCTC","good","Rhizopogon","G",4234,"P","P",21.8,45.7,"Dec21","k__Fungi","p__Basidiomycota","c__Agaricomycetes","o__Boletales","f__Rhizopogonaceae","g__Rhizopogon",NA
"159","4234g_PP.scf",0,"TAAATAAAAAATTACTATTTACAACCACTGATTTCTGGCTTCGATCAATGACGAA","bad","none","G",4234,"P","P",1.1,72.4,"Dec21","k__Fungi",NA,NA,NA,NA,NA,NA
"160","4234e_PP.scf",0,"CTTCTAGGAGACGCGATCTGTGAGTAAAAGTATACAACTTTCAGCATGGTCTCTGGTCTCGCTCGTGAAGAACGCAGC","decent","none","G",4234,"P","P",3.1,86.2,"Dec21","k__Fungi","p__Basidiomycota","c__Agaricomycetes",NA,NA,NA,NA
"161","4234d_PP.scf",1,"AGACGCGAATCTGTGAGATAAAAGTTATTACAACTTTCAGCAATGGATCTCTTGGCTCTCGCATCGATGAAGAACGCAGCGAAAAGCGATATGTAATGTGAATTGCAGATCTACAGTGAATCATCGAATCTTTGAACGC","good","Rhizopogon","G",4234,"P","P",13.2,41.9,"Dec21","k__Fungi","p__Basidiomycota","c__Agaricomycetes","o__Boletales","f__Rhizopogonaceae","g__Rhizopogon",NA
"162","4234c_PP.scf",1,"TCTAGGAGACGCGAATCTGTGAGATAAAAGTTATTACAACTTTCAGCAATGGATCTCTTGGCTCTCGCATCGATGAAGAACGCAGCGAAAAGCGATATGTAATGTGAATTGCAGATCTACAGTGAATCATCGAATCTTTGAACGCA","good","Rhizopogon","G",4234,"P","P",18.4,45.2,"Dec21","k__Fungi","p__Basidiomycota","c__Agaricomycetes","o__Boletales","f__Rhizopogonaceae","g__Rhizopogon",NA
"163","4234b_PP.scf",1,"AGGAGACGCGAATCTGTGAGATAAAAGTTATTACAACTTTCAGCAATGGATCTCTTGGCTCTCGCATCGATGAAGAACGCAGCGAAAAGCGATATGTAATGTGAATTGCAGATCTACAGTGAATCATCGAATCTTTGAACGCACCTTGCGCTCCTCGGTGTTCCGAGGAGCATGCCTGTTTGAGTGTCAGT","great",NA,"G",4234,"P","P",35.2,30,"Dec21","k__Fungi","p__Basidiomycota","c__Agaricomycetes","o__Boletales","f__Rhizopogonaceae","g__Rhizopogon",NA
"164","4234a_PP.scf",1,"CTAGGAGACGCGAATCTGTGAGATAAAAGTATTACAACTTTCAGCAATGGATCTCTTGGCTCTCGCATCGATGAAGAACGCAGCGAAAAGCGATATGTAATGTGAATTGCAGATCTACAGTGAATCATCGAATCT","good",NA,"G",4234,"P","P",11.4,56.4,"Dec21","k__Fungi","p__Basidiomycota","c__Agaricomycetes","o__Boletales","f__Rhizopogonaceae","g__Rhizopogon",NA
"165","4216e_PP.scf",1,"TTTCATAAATTTCTCACCTGTGAACCTAATGTAGGATGCCTATTCCTTTGGGATAGGGGACCTATGTCTTCATATACATCTCCGTGTAGAAAGTCTTAGAATGTTTACTATCATAGAGTCGCAACTTCTAGGAGACGCGAATCTGTGAG","good",NA,"G",4216,"P","P",30.3,56.5,"Dec21","k__Fungi","p__Basidiomycota","c__Agaricomycetes","o__Boletales","f__Rhizopogonaceae","g__Rhizopogon",NA
"166","4208g_PP.scf",0,"GTGTTTCATAAATTTCTCACCTGTGAACCTAATGTAGGATGCCTATTCCTTTGGGATAGGGGACCTATGTCTTCATATACATCTCCGTGTAGAAAGTCTTAGAATGTTTACTATCATAGAGTCGCTACTTCTAGGAGACGC","decent",NA,"G",4208,"P","P",3.4,40.6,"Dec21","k__Fungi","p__Basidiomycota","c__Agaricomycetes","o__Boletales","f__Rhizopogonaceae","g__Rhizopogon",NA
"167","4208a_PP.scf",1,"TTCGGGCATGTGCACGCCGACCGTGTTTCATAAATTTCTCACCTGTGAACCTAATGTAGGATGCCTATTCCTTTGGGATAGGGGACCTATGTCTTCATATACATCTCCGTGTAGAAAGTCTTAGAATGTTTACTATCATAGAGTCGCGACTTCTAGGAGACGCGAATCTGTGAGATAAAAGTTATTACAACTTTCAGCAATGGATCTCTTGGCTCTCGCATCGATGAAGAACGCAGCGAAAAGCGATATGTAATGTGAATTGCAGATCTACAGTG","great",NA,"G",4208,"P","P",57.8,8.2,"Dec21","k__Fungi","p__Basidiomycota","c__Agaricomycetes","o__Boletales","f__Rhizopogonaceae","g__Rhizopogon","s__hawkerae"
"168","4202h_PP.scf",1,"AGGAGACGCGAATCTGTGAGATAAAAGTTATTACAACTTTCAGCAATGGATCTCTTGGCTCTCGCATCGATGAAGAACGCAGCGAAAAGCGATATGTAATGTGAATTGCAGATCTACAGTGAATCATCGAATCTTTGAACGCACCTTGCGCT","good",NA,"G",4202,"P","P",22.8,42.7,"Dec21","k__Fungi","p__Basidiomycota","c__Agaricomycetes","o__Boletales","f__Rhizopogonaceae","g__Rhizopogon",NA
"169","4202g_PP.scf",1,"AGGAGACGCGAATCTGTGAGATAAAAGTTATTACAACTTTCAGCAATGGATCTCTTGGCTCTCGCATCGATGAAGAACGCAGCGAAAAGCGATATGTAATGTGAATTGCAGATCTACAGTGAATCATCGAATCTTTGAACGCACCTTGCGCTCCTC","great",NA,"G",4202,"P","P",39.7,29.8,"Dec21","k__Fungi","p__Basidiomycota","c__Agaricomycetes","o__Boletales","f__Rhizopogonaceae","g__Rhizopogon",NA
"170","4202e_PP.scf",0,"CATCTAGAGACGCGAATCTGTGAGATAAAAGTAATTAGAACTGTCAGCCGAGGAGCTCTGGGCACTGGCATCGATGAAGAACGCAGCGAAAAGCGATAGG","bad",NA,"G",4202,"P","P",2.3,72.9,"Dec21","k__Fungi","p__Basidiomycota","c__Agaricomycetes","o__Boletales","f__Rhizopogonaceae","g__Rhizopogon",NA
"171","4202d_PP.scf",1,"ACATTCTCTAAAACAAAACTTTCAACAATGGATCTCTTGGCTCTGGCATCGATGAAGAACGCAGCGAAATGCGATACTTAATGGAAATTGCATACGTGAGTCATCGAGTTTTTGAACGCACATTGCGCCGCTTAGCGGCACGTGGGAGTGAGCGTCATTTGTAGATTGTGACTTCAATCGATTCACTAAATACATGGCAAGCACATTGAATGGTGCTGAAGCAATAATTTTTGACCTCATTCTCACGGGGACACCCGCTGAACTTAAG","good",NA,"G",4202,"P","P",25.6,47.6,"Dec21","k__Fungi",NA,NA,NA,NA,NA,NA
"172","4202c_PP.scf",1,"AGGAGACGCGAATCTGTGAGATAAAAGTTATTACAACTTTCAGCAATGGATCTCTTGGCTCTCGCATCGATGAAGAACGCAGCGAAAAGCGATATGTAATGTGAATTGCAGATCTACAGTGAATCATCGAATCTTTGAACGCACCTTGCGCTCCTCGGTGTTCCGAGGAGCATGCCTGTTTGAGTGTCA","good",NA,"G",4202,"P","P",33.3,30.4,"Dec21","k__Fungi","p__Basidiomycota","c__Agaricomycetes","o__Boletales","f__Rhizopogonaceae","g__Rhizopogon",NA
"173","4202b_PP.scf",0,"AACGCACATTGCGCCCGCCAGTACGCCGGCGGGCACGCCGGAGGGACTGCCAGTTCAACCACTAAGCCATCGGCTTGGGCTGGATCGCTA","bad",NA,"J",4202,"P","P",4.9,69.3,"Dec21","k__Fungi","p__Ascomycota",NA,NA,NA,NA,NA
"174","4201h_PP.scf",1,"CTGTCGCTGGCCTTCGGGCATGTGCACGCCGACCGTGTTTCATAAATTTCTCACCTGTGAACCTAATGTAGGATGCCTATTCCTTTGGGATAGGGGACCTATGTCTTCATATACATCTCCGTGTAGAAAGTCTTAGAATGTTTACTATCATAGAGTCGCGACTTCTAGGAGACGCGAATCTGTGAGATAAAAGTTATTACAACTTTCAGCAATGGATCTCTTGGCTCTCGCATCGATGAAGAACGCAGCGAAAAGCGATATGTAATGTGAATTGCAGATCTACAGTGAATCATCGAATCTTTGAACGCACCTTGCGCTCCTCGGTGTTCCGAGGAGCATGCCTGTTTGAGTGTCAGTAAATTCTCAACCCCTCTTGATTGAGGGAGTTTGGATAGTGGGGGTTTGCC","great",NA,"G",4201,"P","P",62.7,6.7,"Dec21","k__Fungi","p__Basidiomycota","c__Agaricomycetes","o__Boletales","f__Rhizopogonaceae","g__Rhizopogon","s__hawkerae"
"175","4201g_PP.scf",1,"CGGAAAGCTGTCGCTGGCCTTCGGGCATGTGCACGCCGACCGTGTTTCATAAATTTCTCACCTGTGAACCTAATGTAGGATGCCTATTCCTTTGGGATAGGGGACCTATGTCTTCATATACATCTCCGTGTAGAAAGTCTTAGAATGTTTACTATCATAGAGTCGCGACTTCTAGGAGACGCGAATCTGTGAGATAAAAGTTATTACAACTTTCAGCAATGGATCTCTTGGCTCTCGCATCGATGAAGAACGCAGCGAAAAGCGATATGTAATGTGAATTGCAGATCTACAGTGAATCATCGAATCTTTGAACGCACCTTGCGCTCCTCGGTGTTCCGAGGAGCATGCCTGTTTGAGTGTCAGTAAATTCTCAACCCCTCTTGATTGAGGGAGTTTGGATAGT","great",NA,"G",4201,"P","P",67.6,6.3,"Dec21","k__Fungi","p__Basidiomycota","c__Agaricomycetes","o__Boletales","f__Rhizopogonaceae","g__Rhizopogon","s__hawkerae"
"176","4201f_PP.scf",1,"CTAGGAGACGCGAATCTGTGAGATAAAAGTTATTACAACTTTCAGCAATGGATCTCTTGGCTCTCGCATCGATGAAGAACGCAGCGAAAAGCGATATGTAATGTGAATTGCAGATCTACAGTGAATCATCGAATCTTTG","good",NA,"G",4201,"P","P",39,10.1,"Dec21","k__Fungi","p__Basidiomycota","c__Agaricomycetes","o__Boletales","f__Rhizopogonaceae","g__Rhizopogon",NA
"177","4201e_PP.scf",1,"AGTTATTACAACTTTCAGCAATGGATCTCTTGGCTCTCGCATCGATGAAGAACGCAGCGAAAAGCGATATGTAATGTGAATTGCAGATCTACAGTGAATCATCGAATCTTTGAACGCACCTTGCGCTCCTCGGTGTTCCGAGGAGCATGCCTGTTTGAGTG","good",NA,"G",4201,"P","P",31.4,14.4,"Dec21","k__Fungi","p__Basidiomycota","c__Agaricomycetes","o__Boletales","f__Rhizopogonaceae","g__Rhizopogon",NA
"178","4201d_PP.scf",1,"GGAAAGCTGTCGCTGGCCTTCGGGCATGTGCACGCCGACCGTGTTTCATAAATTTCTCACCTGTGAACCTAATGTAGGATGCCTATTCCTTTGGGATAGGGGACCTATGTCTTCATATACATCTCCGTGTAGAAAGTCTTAGAATGTTTACTATCATAGAGTCGCGACTTCTAGGAGACGCGAATCTGTGAGATAAAAGTTATTACAACTTTCAGCAATGGATCTCTTGGCTCTCGCATCGATGAAGAACGCAGCGAAAAGCGATATGTAATGTGAATTGCAGATCTACAGTGAATCATCGAATCTTTGAACGCACCTTGCGCTCCTCGGTGTTCCGAGGAGCATGCCTGTTTGAGTGTCAGTAAATTCTCAACCCCTCTTGATTGAGGGA","good",NA,"G",4201,"P","P",62.1,7.6,"Dec21","k__Fungi","p__Basidiomycota","c__Agaricomycetes","o__Boletales","f__Rhizopogonaceae","g__Rhizopogon","s__hawkerae"
"179","4201c_PP.scf",1,"CGCTGGCCTTCGGGCATGTGCACGCCGACCGTGTTTCATAAATTTCTCACCTGTGAACCTAATGTAGGATGCCTATTCCTTTGGGATAGGGGACCTATGTCTTCATATACATCTCCGTGTAGAAAGTCTTAGAATGTTTACTTTCATAGAGTGCGACTTCTAGGAGACGCGAATCTGTGAGATAAAAGTTATTACAACTTTCAGCAATGGATCTCTTGGCTCTCGCATCGATGAAGAACGCAGCGAAAAGCGATATGTAATGTGAATTGCAGATCTACAGTGAATCATCGAATC","good",NA,"G",4201,"P","P",18.3,17,"Dec21","k__Fungi","p__Basidiomycota","c__Agaricomycetes","o__Boletales","f__Rhizopogonaceae","g__Rhizopogon","s__hawkerae"
"180","4201b_PP.scf",1,"CGCTGGCCTTCGGGCATGTGCACGCCGACCGTGTTTCATAAATTTCTCACCTGTGAACCTAATGTAGGATGCCTATTCCTTTGGGATAGGGGACCTATGTCTTCATATACATCTCCGTGTAGAAAGTCTTAGAATGTTTACTATCATAGAGTCGCGACTTCTAGGAGACGCGAATCTGTGAGATAAAAGTTATTACAACTTTCAGCAATGGATCTCTTGGCTCTCGCATCGATGAAGAACGCAGCGAAAAGCGATATGTAATGTGAATTGCAGATCTACAGTGAATCATCGAATCTTTGAAC","great",NA,"G",4201,"P","P",60,7.9,"Dec21","k__Fungi","p__Basidiomycota","c__Agaricomycetes","o__Boletales","f__Rhizopogonaceae","g__Rhizopogon","s__hawkerae"
"181","4201a_PP.scf",1,"GCTGTCGCTGGCCTTCGGGCATGTGCACGCCGACCGTGTTTCATAAATTTCTCACCTGTGAACCTAATGTAGGATGCCTATTCCTTTGGGATAGGGGACCTATGTCTTCATATACATCTCCGTGTAGAAAGTCTTAGAATGTTTACTATCATAGAGTCGCGACTTCTAGGAGACGCGAATCTGTGAGATAAAAGTTATTACAACTTTCAGCAATGGATCTCTTGGCTCTCGCATCGATGAAGAACGCAGCGAAAAGCGATATGTAATGTGAATTGCAGATCTACAGTGAATCATCGAATCTTTGAACGCACCTTGCGCTCCTCGGTGTTCCGAGGAGCATGCCTGTTTGAGTGTCAGTAAATTCTCAACCCCTCTTGATTGAGGGAGTTTGGATAGTGGGGGTTTGCCGGAGACTTTTT","great",NA,"G",4201,"P","P",56.2,5.6,"Dec21","k__Fungi","p__Basidiomycota","c__Agaricomycetes","o__Boletales","f__Rhizopogonaceae","g__Rhizopogon","s__hawkerae"
"182","4181a_QP.scf",0,"CGGCCCCGGGTGGTGATTTCATCCTCTTGCGTACCTTTGCATTCTGTGTAAATTTAATTAATAAATTAAAACTTTCTACAACGGATCTCTTGCTTCTGGCT","bad",NA,"A",4181,"Q","P",1.3,59.8,"Dec21","k__Fungi","p__Ascomycota",NA,NA,NA,NA,NA
"183","4173h_QP.scf",0,"ACACTTCAACATCTTGTGTAATTTTTTTGACTGAGGAAAAAATTTTAATAAATAATAACTTTTATCAACGGATCTCTTCTTGCTGGCGTCGAT","bad",NA,NA,4173,"Q","P",1.4,78.9,"Dec21","k__Fungi",NA,NA,NA,NA,NA,NA
"184","4173g_QP.scf",0,"GGAAAATAAATTAATAAATAATAACAACTATCAACGGATCACCTCTTGCTTCCATC","bad",NA,NA,4173,"Q","P",1.1,78.8,"Dec21","k__Fungi",NA,NA,NA,NA,NA,NA
"185","4173e_QP.scf",0,"GAGTAAACTTTTTTAATAAATAATAACTTTTAACAACGGATCACTTCTTGCTGGCATCGATGAAGAACGCAGCGAAATGCGATAAGTAGTGTGAATTGCAGAATACAGTGAATCATCGAATCTTTGAACGC","bad",NA,NA,4173,"Q","P",1.3,70.5,"Dec21","k__Fungi",NA,NA,NA,NA,NA,NA
"186","4173c_QP.scf",0,"TGAGTAAAATTTTTTAATAAATAATTACTTTTATCAACGGATCTCTTCTTTCTGCCATCAATGA","bad",NA,"B",4173,"Q","P",1.2,78.7,"Dec21","k__Fungi",NA,NA,NA,NA,NA,NA
"187","4173a_QP.scf",0,"TGACTGAGTAAAAATTTTTATTAAATAATTACTTTTATCAACGGATCTCTTCTTGCTGCG","bad",NA,"B",4173,"Q","P",3.1,71.7,"Dec21","k__Fungi",NA,NA,NA,NA,NA,NA
"188","4128g_QP.scf",0,"CACACCCGTGCGCTTTATACACTGGGGCTCGCATGTGGTAACACGTGCAGCCGGTAGGCCTTTGCTCTACTTGAGCACTGTGGTATTTACTCACACTCT","bad",NA,"E",4128,"Q","P",1.7,72.5,"Dec21","k__Fungi",NA,NA,NA,NA,NA,NA
"189","4126d_QP.scf",0,"TGTAAAATAAAGTCACTGTACCATCTACCACTATATACAACTTTCAAC","bad",NA,"C",4126,"Q","P",1.5,70.9,"Dec21",NA,NA,NA,NA,NA,NA,NA
"190","4022g_QP.scf",1,"AAAATATTGTATTTAGAGTCTTCTGAATTTTTAAAATAGAAGTTAAAACTTTCAACAACGGATCTCTTGGTTCTCGCATCGATGAAGAACGCAGCGAAATGCGATAAGTAGTGTGAATTGCAGAATTCAGTGAAT","good",NA,"L",4022,"Q","P",22.5,25,"Dec21","k__Fungi","p__Ascomycota","c__Pezizomycetes","o__Pezizales","f__Pyronemataceae","g__Pustularia",NA
"191","3892e_PQ.scf",1,"AACCCCTGTGAACATACCATTATCGTTGCCTCGGCGGTGCCCGCTTCGGCGGCCCGCCAGAGGACTCAAACCCTTGAATTTTTACAGTTGTCTTCTGAGTACATGATTAAATCAATCAAAACTTTCAACAACGGATCTCTTGGCTCTGGCATCGATGAAGAACGCAGCGAAATGCGATAAGTAATGTGAATTGCAGAATTCAGTGAATCATCGAATCTTTGAACGCACATTGCGCCCGCCAGTATTCTGGCGGGCATGCCTGTTCGAGCGTCATTTCAACCCTCAAGCCCCCGGGCTTGGTGTTGGAGATCGGCGGGCCCTCCGGGGCGCGCCGCCTCCCAAATATAGTGGCGGTCTCGCTGTAGCTTCCTCTGCGTAGTAGCACACCTCGCACTG","great",NA,"G",3892,"P","Q",63.3,20.5,"Dec21","k__Fungi","p__Ascomycota","c__Sordariomycetes","o__Hypocreales","f__Nectriaceae","g__Ilyonectria","s__lusitanica"
"192","3886h_PQ.scf",1,"ACAGTATCTTCTGAGTAAATGATTAAATAAATCAAAACTTTCAACAACGGATCTCTTGGTTCTGGCATCGATGAAGAACGCAGCGAAATGCGATAAGTAATGTGAATTGCAGAATTCAGTGAATCATCGAATCTTTGAACGCACATTGCGCCCGCCAGT","good",NA,"Q",3886,"P","Q",36.8,20.6,"Dec21","k__Fungi","p__Ascomycota","c__Sordariomycetes","o__Hypocreales","f__Nectriaceae",NA,NA
"193","3678h_QQ.scf",1,"CATAAAATATTGTATTTAGAGTCTTCTGAATTTTTAAAATAAAAGTTAAAACTTTCAACAACGGATCTCTTGGTTCTCGCATCGATG","decent",NA,"D",3678,"Q","Q",18.6,21.9,"Dec21","k__Fungi","p__Ascomycota","c__Pezizomycetes","o__Pezizales","f__Pyronemataceae","g__Pustularia",NA
"194","3678g_QQ.scf",1,"GTTAACATAAAATATTGTATTTAGAGTCTTCTGAATTTTTAAAATAAAAGTTAAAACTTTCAACAACGGATCTCTTGGTTCTCGCATCGATGAAGAACGCAGCGAA","great",NA,"C",3678,"Q","Q",50,18.1,"Dec21","k__Fungi","p__Ascomycota","c__Pezizomycetes","o__Pezizales","f__Pyronemataceae","g__Pustularia",NA
"195","3678e_QQ.scf",0,"AAATATTGTATTTAGAGTCTTCTGAATTTTTAAAATAAAAGTTAAAACTTTCAACAACGGATCTCTTGGTTCTCGTATCTATGAAGAAC","decent",NA,"C",3678,"Q","Q",2.4,46.8,"Dec21","k__Fungi","p__Ascomycota","c__Pezizomycetes","o__Pezizales","f__Pyronemataceae","g__Pustularia",NA
"196","3659g_QQ.scf",1,"TACCCCGTTGCTTTCCACTGGACATGTTTTTGTTACCTTGTGTAAAGAGACCTTTGGCTTGTGTGAATTTCATACATGCCAGAGAGCTGCCAGTGGTAAGACTATATACCAAAACTTGATTATAAAAACACACATTTGTCTGAATCTATTGCTTCAAATGAAATAAAACTTTCAACAACGGATCTCTAGGCTCTTGCATCGATGAAGAACGCAGTGAAATGCGATAAGTAATGTGAATTGCAGAATCTCGTGAATCATCGAATCTTTGAACGCACATTGCGCCCTATGGTATTCCGTAGGGCATGCCTGTCTGAGCGTCAGCTACCCCCCAACTCTAGTATCCTTTTGTGATGCTTGGAATCCTTT","good",NA,"A",3659,"Q","Q",63.3,11.7,"Dec21","k__Fungi","p__Ascomycota","c__Pezizomycetes","o__Pezizales","f__Pezizaceae",NA,NA
"197","3659f_QQ.scf",1,"TGACCAAAACCCTCTCTGCGTACCAATCTATGTTGCTTTCCTAGGTGGTTGGTTTCAGCTGCCGTCCAACATTGCCTGCTAGCTCAGTCAGCCCGAGTGGTTAACTCGGAGTTTGATCTTTTTTACTGATGGGTTAAGCTTTAATCGGTCAGCGAGCTTAATTTATGTCCATCAGGATCAGCTATGCAGGCCCCTGGGAAAGGGTCCATCCCAAATGAATATGCCAATCAGCTGTCTGAGTTGGCCTTGTGCCTTATTCTTTGAACAAGTTAAAACTTTCAACAACGGATCTCTTGGCTCTCGCATCGATGAAGAACGCAGCGAAATGCGATAAGTAATGTGAATTGCAGAATTCAGTGAATCATCGAATCTTTGAAC","great",NA,"N",3659,"Q","Q",63.7,5.9,"Dec21","k__Fungi","p__Ascomycota","c__Pezizomycetes","o__Pezizales","f__Tuberaceae","g__Tuber","s__candidum"
"198","3659e_QQ.scf",1,"GAAAGGGTCCATCCCAAATGAATATGCCAATCAGCTGTCTGAGTTGGCCTTGTGCCTTATTCTTTGAACAAGTTAAAACTTTCAACAACGGATCTCTTGGCTCTCGCATCGATGAAGAACGCAGCGAAATGCGATAAGTAATGTGAATTGCAGAATTCAGTGAATCATCGAATCTTTGAACGCACA","good",NA,"N",3659,"Q","Q",31.2,13.3,"Dec21","k__Fungi","p__Ascomycota","c__Pezizomycetes","o__Pezizales","f__Tuberaceae","g__Tuber",NA
"199","3659d_QQ.scf",1,"ATACATGCCAGAGAGCTGCCAGTGGTAAGACTATATACCAAAACTTGATTATAAAAACACACATTTGTCTGAATCTATTGCTTCAAATGAAATAAAACTTTCAACAACGGATCTCTAGGCTCTTGCATCGATGAAGAACGCAGTGAAATGCGATAAGTAATGTGAATTGCAGAATCTCGTGAATCATCGAATCTTTGAACGCACATTGCGCCCTATGGTATTCCGTAGGGCATGCCTGTCTGAGCGTCAGCTACCCCCCAACTCTAGTATCCTTTTGTGATGCTTGGAATCCTTT","good",NA,"D",3659,"Q","Q",70.4,6.5,"Dec21","k__Fungi","p__Ascomycota","c__Pezizomycetes","o__Pezizales","f__Pezizaceae",NA,NA
"200","3659c_QQ.scf",1,"AAGAACGCAGTGAAATGCGATAAGTAATGTGAATTGCAGAATCTCGTGAATCATCGAATCTTTGAACGCACATTGCGCCCTATGGTATTCCGTAGGGCATGCCTGTCTGAGCGTCAGCTACCCCCCAACTCTAGTATCCTTTTGTGATGCTTGGAATCCTTT","good",NA,"D",3659,"Q","Q",32.7,17.2,"Dec21","k__Fungi","p__Ascomycota","c__Pezizomycetes","o__Pezizales","f__Pezizaceae",NA,NA
"201","3659a_QQ.scf",0,"TATAATAGTTAAAACTTTCAACAACCGATCTCTTGTTTCTGGCGTCGATGAAGAACGCAGCGAACTGCGAAAAGGAATGTGAATTGCAGAATTCAGTGATTCAT","bad",NA,"A",3659,"Q","Q",2.6,58.3,"Dec21","k__Fungi","p__Ascomycota",NA,NA,NA,NA,NA
"202","3652h_QQ.scf",1,"TCAACTCTGCATGCCCTGCGTCTGAGTGATAGATACAAATCAATCAAAACTTTCAACAACGGATCTCTTGGTTCTGGCATCGATGAAGAACGCAGCGAAATGCGATAAGT","decent",NA,"N",3652,"Q","Q",28.3,21.1,"Dec21","k__Fungi","p__Ascomycota","c__Dothideomycetes","o__Dothideales","f__Dothideales_fam_Incertae_sedis","g__Hortaea","s__thailandica"
"203","3652f_QQ.scf",0,"AAAACTTTCAACAACGGATCTCTTGGTTCTCGCATCGATGAAGAACGCAGCGAAATGCGATAAGTAGTGTGAATTGCAG","bad",NA,"E",3652,"Q","Q",4,55.2,"Dec21","k__Fungi","p__Ascomycota","c__Pezizomycetes","o__Pezizales","f__Pyronemataceae",NA,NA
"204","3641b_QQ.scf",1,"GGATACATCAAAACTCCTGTTTTAACGGTGTTGTCTGAGCTACAAGCAACGAATCAAAACTTTCAACAACGGATCTCTTGGTTCTGGCATCGATGAAGAACGCAGCGAAATGCGATAAGTAGTGTGAATTGCAGAATTCAGTGAATCATCGAATCTTTGAACGCACATTGCGCCCCTTGGTATCCCGAGGGGCATGCCTGTTCGAGCGTCATTTCACCACTCAAGCCTGGCTTGGTGTTGGGCGACGTC","great",NA,"A",3641,"Q","Q",57.6,23.7,"Dec21","k__Fungi","p__Ascomycota","c__Dothideomycetes","o__Mytilinidales","f__Gloniaceae","g__Cenococcum",NA
"205","3641a_QQ.scf",0,"TTTGCCTGAGGAAAAAATTTAATTAAAAAATTACAACTTTCAACAACTCTCTTCTTGCTTCCGTCAATGATGAA","bad",NA,"D",3641,"Q","Q",2.2,75,"Dec21","k__Fungi",NA,NA,NA,NA,NA,NA
"206","3608h_QQ.scf",1,"GTTAGCTGAATAGCCTGGCCGGAAGGTTAACATAAAATATTGTATTTAGAGTCTTCTGAATTTTTAAAATAAAAGTTAAAACTTTCAACAACGGATCTCTTGGTTCTCGCATCGATGAAGAACGCAGCGAAATGCGATAAGTAGTGTGAATTGCAGAATTCAGTGAATCATCGAATCTTTGAACGCACATTGCGCCTTCCGGTATTCCGGGAGGCATGCCTGTCCGAGCGTCATCAAAAACCACTCAAGTA","good",NA,"L",3608,"Q","Q",39.9,24.4,"Dec21","k__Fungi","p__Ascomycota","c__Pezizomycetes","o__Pezizales","f__Pyronemataceae","g__Pustularia",NA
"207","3608g_QQ.scf",1,"AAACCTCTAGGTAAAACCTCAGGCTTGTGTGAACCACACTTTCCAGAGAGCTGCCAGTAGCAAGACCACTTGCTAAAACCTGTTGTGAAATATATAGTCTGAATTTTGTGTCTTGAAAATGAAATAAAACTTTCAACAACGGATCTCTAGGCTCTTGCATCGATGAAGAACGCAGTGAAATGCGATAAGTAATGTGAATTGCAGAATCTCGTGAATCATTGAATCTTTGAACGCACATTGCGCCCTATGGTATTCCATAGGGCATACCTGTTTGAGCGTTAGCTCCCCATATTCTCAAGCATTATTTTGTAATGCCTGGATTTGTTTGGAGAGGCACCTCTATCATAGAGGTACCCTTCAGAAATGTATATGGCAGTAT","great",NA,"D",3608,"Q","Q",58.4,9.9,"Dec21","k__Fungi","p__Ascomycota","c__Pezizomycetes","o__Pezizales","f__Pezizaceae","g__Peziza","s__ostracoderma"
"208","3608e_QQ.scf",0,"TGAGTAAAAAATTTTAATAATTTATAACTTTTATCAACGCTTTACTTCTTGCGGGCATCAATGATGTA","bad",NA,"N",3608,"Q","Q",3.5,72.4,"Dec21","k__Fungi",NA,NA,NA,NA,NA,NA
"209","3608d_QQ.scf",1,"AGCTGAATAGCCTGGCCGGAAGGTTAACATAAAATATTGTATTTAGAGTCTTCTGAATTTTTAAAATAAAAGTTAAAACTTTCAACAACGGATCTCTTGGTTCTCGCATCGATGAAGAACGCAGCGAAATGCGATAAGTAGTGTGAATTGCAGAATTCAGTGAATCATCGAATCTTTGAACGCACATTGCGCCTTCCGGTATTCCGGGAGGCATGCCTGTCCGAGCGTCATCAAAAACCACTCAAGTAGTTTTGCT","good",NA,"E",3608,"Q","Q",26.2,27.1,"Dec21","k__Fungi","p__Ascomycota","c__Pezizomycetes","o__Pezizales","f__Pyronemataceae","g__Pustularia",NA
"210","3608b_QQ.scf",0,"GACTGAGGAAAATAAATTAATAAAAAATAACATTTATCAACGGATCTCTTCTTGCTTCCATCGAT","bad",NA,"A",3608,"Q","Q",1.9,74,"Dec21","k__Fungi",NA,NA,NA,NA,NA,NA
"211","3604f_QQ.scf",0,"GATAGATACATATCAATCAAAACTTTCAACAACGGATCTCTTGGTTCTGGCATC","bad",NA,"L",3604,"Q","Q",4.2,62.7,"Dec21","k__Fungi","p__Ascomycota",NA,NA,NA,NA,NA
"212","3604a_QQ.scf",0,"TGATTTTTTTTTACCGATGGGCTACGCCTTAATTCTGCGCGAGCTAAGTAT","bad",NA,"N",3604,"Q","Q",3.8,72.4,"Dec21","k__Fungi",NA,NA,NA,NA,NA,NA
"213","3579g_QQ.scf",1,"AAATGCGATAAGTAATGTGAATTGCAGAATTCAGTGAATCATCGAATCTTTGAACGCACCTTGCACTCCTTGGTATT","good",NA,"D",3579,"Q","Q",12.7,15.3,"Dec21","k__Fungi","p__Basidiomycota","c__Agaricomycetes","o__Agaricomycetes_ord_Incertae_sedis","f__Agaricomycetes_fam_Incertae_sedis","g__Xenasmatella",NA
"214","3579a_QQ.scf",1,"ATATTGTATTTAGAGTCTTCTGAATTTTTAAAATAAAAGTTAAAACTTTCAACAACGGATCTCTTGGTTCTCGCATCGAT","decent",NA,"L",3579,"Q","Q",13,34.5,"Dec21","k__Fungi","p__Ascomycota","c__Pezizomycetes","o__Pezizales","f__Pyronemataceae","g__Pustularia",NA
"215","3548f_QQ.scf",0,"ATCGAATCTTTGAACGCACATTGCGCCCCCCGGCACTCCGGGGGGCATGCCTGTTCGAGCGTCATTACACCACTCAAGCCTCGCTTGGTAT","decent",NA,"B",3548,"Q","Q",4,53,"Dec21","k__Fungi","p__Ascomycota","c__Dothideomycetes",NA,NA,NA,NA
"216","3548e_QQ.scf",0,"TGAGTCATTATGGAGTGGTAACCCGGTGCAGACGAAGGTGGACG","bad",NA,"D",3548,"Q","Q",1.6,79.3,"Dec21",NA,NA,NA,NA,NA,NA,NA
"217","3492b_QQ.scf",1,"CATAAAATATTGTATTTAGAGTCTTCTGAATTTTTAAAATAGAAGTTAAAACTTTCAACAACGGATCTCTTGGTTCTCGCATCGATGAAGAACGCAGC","good",NA,NA,NA,NA,NA,45.9,7.5,"Dec21","k__Fungi","p__Ascomycota","c__Pezizomycetes","o__Pezizales","f__Pyronemataceae","g__Pustularia",NA
"218","3322c_PC.scf",1,"GATCTCTTGGCTCTCGCATCGATGAAGAACGCAGCGAAATGCGATAAGTAATGTGAATTGCAGAATTCAGTGAATCATCGAATCTTTGAACGCACCTTGCACCCTTTGGTATTCCGAAGGGTACGCCCGTTTGAG","good",NA,"Q",3322,"P","C",9.6,24.6,"Dec21","k__Fungi","p__Basidiomycota","c__Agaricomycetes","o__Sebacinales","f__Serendipitaceae",NA,NA
"219","3322a_PC.scf",0,"CGGCGTCTGAACATATTAATAATTACAACTTTCAACAACGGACTCTTGGTTTGTC","bad",NA,"Q",3322,"P","C",2,75.9,"Dec21","k__Fungi","p__Ascomycota",NA,NA,NA,NA,NA
"220","3221g_QC.scf",1,"GAATTCAGTGAATCATCGAATCTTTGAACGCACATTGCGCCCGCCAGTATTCTGGCGGGCATGCCTGTTCGAGCGTCATTTCAACCCTCAAGCCCCCGGGCTTGGTGTTGGAGATCGGCGGGCCCTCCGGGGCGCGCCGCCTCCCAAATATAGTGGCGGTCTCGCTGTAGCTTCCTCTGCGTAGTAGCACACCTCGCAC","great",NA,"Q",3221,"Q","C",39.8,42.2,"Dec21","k__Fungi","p__Ascomycota","c__Sordariomycetes","o__Hypocreales","f__Nectriaceae","g__Ilyonectria","s__lusitanica"
"221","3221f_QC.scf",1,"GTTGTCTTCTGAGTACATGATTAAATCAATCAAAACTTTCAACAACGGATCTCTTGGCTCTGGCATCGATGAAGAACGCAGCGAAATGCGATAAGTAATGTGAATTGCAGAATTCAGTGAATCATCGAATCTTTGAACGCACATTGCGCCCGCCAGTATTCTGGCGGGCATGCCTGTTCGAGCGTCATTTCAACCCTCAAGCCCCCGGGCTTGGTGTTGGAGATCGGCGGGCCCTCCGGGGCGCGCCGCCTCCCAAATATAGTGGCGGTCTCGCTGTAGCTTCCTCTGCGTAGTAGCACACCTCGCAC","great",NA,"Q",3221,"Q","C",47.1,22,"Dec21","k__Fungi","p__Ascomycota","c__Sordariomycetes","o__Hypocreales","f__Nectriaceae","g__Ilyonectria","s__lusitanica"
"222","3221c_QC.scf",1,"GAATTCAGTGAATCATCGAATCTTTGAACGCACATTGCGCCCGCCAGTATTCTGGCGGGCATGCCTGTTCGAGCGTCATTTCAACCCTCAAGCCCCCGGGCTTGGTGTTGGAGATCGGCGGGCCCTCCGGGGCGCGCCGCCTCCCAAATATAGTGGCGGTCTCGCTGTAGCTTCCTCTGCGTAGTAGC","good",NA,"Q",3221,"Q","C",14.1,58.5,"Dec21","k__Fungi","p__Ascomycota","c__Sordariomycetes","o__Hypocreales","f__Nectriaceae","g__Ilyonectria","s__lusitanica"
"223","3221a_QC.scf",1,"CCTTGAATTTTTACAGTTGTCTTCTGAGTACATGATTAAATCAATCAAAACTTTCAACAACGGATCTCTTGGCTCTGGCATCGATGAAGAACGCAGCGAAATGCGATAAGTAATGTGAATTGCAGAATTCAGTGAATCATCGAATCTTTGAACGCACATTGCGCCCGCCAGTATTCTGGCGGGCATGCCTGTTCGAGCGTCATTTCAACCCTCAAGCCCCCGGGCTTGGTGTTGGAGATCGGCGGGCCCTCCGGGGCGCGCCGCCTCCCAAATATAGTGGCGGTCTCGCTGTAGCTTCCTCTGCGTAGTAGCACACCTCGCACTG","great",NA,"Q",3221,"Q","C",56.9,18.2,"Dec21","k__Fungi","p__Ascomycota","c__Sordariomycetes","o__Hypocreales","f__Nectriaceae","g__Ilyonectria","s__lusitanica"
"224","3218f_QC.scf",0,"TTGAACGCACATTGCGCCCCCCGGCACTCCGGCGGGCATGCCTGTTCGAGCGTCATT","decent",NA,"Q",3218,"Q","C",1.2,57,"Dec21","k__Fungi","p__Ascomycota",NA,NA,NA,NA,NA
"225","3206f_QC.scf",1,"GATCTCTTGGCTCCAGCATCGATGAAGAACGCAGCGAAACGCGATATGTAATGTGAATTGCAGAATTCAGTGAATCATCGAATCTTTGAACGCACATGGCGCCTTCCAGTATCCTGGGA","decent",NA,"Q",3206,"Q","C",7.4,41.8,"Dec21","k__Fungi","p__Ascomycota","c__Sordariomycetes","o__Hypocreales","f__Hypocreales_fam_Incertae_sedis","g__Acremonium","s__furcatum"
"226","3098h_QC.scf",1,"CTTTCAACAACGGATCTCTTGGTTCTGGCATCGATGAAGAACGCAGCGAAATGCGATAAGTAATGTGAATTGCAGAATTCAGTGAATCATCGAATCTTTGAACGCACATTGCGCCCTCTGGTATTCCGGGGGGCATGCCTGTTCGAGCGTCATTATAACCACTCAAGCTCTCGCTT","good",NA,"Q",3098,"Q","C",20.7,35.1,"Dec21","k__Fungi","p__Ascomycota","c__Leotiomycetes","o__Helotiales","f__Helotiales_fam_Incertae_sedis","g__Cadophora",NA
"227","3098g_QC.scf",0,"AATTACCTTTGTTGCTTTGGCGGGCCGCCTCGCGCCAGCGGCTTCGGCTGTTGAGTGCCCGCCAGAGGACCACAACTCTTGTTTTTGGTGATGTCTGAGTACTATAT","good",NA,"Q",3098,"Q","C",5,29.6,"Dec21","k__Fungi","p__Ascomycota",NA,NA,NA,NA,NA
"228","3098d_QC.scf",1,"CGAGCCGTCGACCCTCTCGGAGAAGGTCGGTCCTGAACTCCACCCTTGAATAAATTACCTTTGTTGCTTTGGCGGGCCGCCTCGCGCCAGCGGCTTCGGCTGTTGAGTGCCCGCCAGAGGACCACAACTCTTGTTTTTGGTGATGTCTGAGTACTATATAATAGTTAAAACTTTCAACAACGGTCTCTTGGTTCTGGCATCGATGAAGAACGCAGCGAATGCGATAAGTAATGT","good",NA,"Q",3098,"Q","C",11.5,48,"Dec21","k__Fungi","p__Ascomycota","c__Leotiomycetes","o__Helotiales","f__Helotiales_fam_Incertae_sedis","g__Cadophora","s__luteo-olivacea"
"229","3098b_QC.scf",0,"CTGAACTCCACCCTTGAATAAATTACCTTTGTTGCTTTGGCGGGCCGCCTCGCGCCAGCGGCTTCGGCTGTTGAGTGCCCGCCAGAGGACCACAACTCTTGTTTTTGGTGATGTCTGAGTACTA","good",NA,"B",3098,"Q","C",4.1,42.5,"Dec21","k__Fungi","p__Ascomycota",NA,NA,NA,NA,NA
"230","3070b_QC.scf",1,"CACACCTACCATCCTCATCTCTCCACCTGTGCACCTCTTGTAGATTTGGAATTGATTATCCGAGGCAACTCGGTCGTGAGGACTGCTAGCACTTAGCCGGCTTTCTTTGCAATTCCAGGTCTATGTTTTTCATATACCCCATTGTATGTAACAGAATGTATCATTGGGCCCTTGTGCCTATAAACCTTATACAACTTTCAGCAACGGTTCTTGGCTCTCGCATCGATGAAGAACGCAGCGAAATGCG","good",NA,"Q",3070,"Q","C",22.6,30.8,"Dec21","k__Fungi","p__Basidiomycota","c__Agaricomycetes","o__Agaricales","f__Hymenogastraceae","g__Hebeloma","s__crustuliniforme"
"231","3070a_QC.scf",1,"CTGGCCCTCTTGGGGGCATGTGCACACCTACCATCCTCATCTCTCCACCTGTGCACCTCTTGTAGATTTGGAATTGATTATCCGAGGCAACTCGGTCGTGAGGACTGCTAGCACTTAGCCGGCTTTCTTTGCAATTCCAGGTCTATGTTTTTCATATACCCCATTGTATGTAACAGAATGTATCATTGGGCCCTTGTGCCTATAAACCTTATACAACTTTCAGCAACGGATCTCTTGGCTCTCGCATCGATGAAGAACGCAGCGAAATGCGATAAGTAATGTGAATTGCAGAATTCAGTGAATCATCGAATCTTTGAACGCACCTTGCGCTCCTTGGTATTCCGAGGAGCATGCCTGTTTGAGTGTCATTAAATTCTCAACCATTATCAACTTTTGCTGATAATGGCTTGGATGTGGGGGTCTATTTTGCTGGCTTCTCAGATAGTCAGCTCCCCTTAAATGCATTAGCCGGTGCCCCGCGTGGACTGTCTATTGGTGTGATAATTATCTAC","great",NA,"Q",3070,"Q","C",64.4,6.1,"Dec21","k__Fungi","p__Basidiomycota","c__Agaricomycetes","o__Agaricales","f__Hymenogastraceae","g__Hebeloma","s__crustuliniforme"
"232","3053d_QC.scf",1,"CGGCCTTCGGGCGTCGGGGCCCCCGGTGGACCCCTCAACTCTGCATGCCCTGCGTCTGAGTGATAGATACAAATCAATCAAAACTTTCAACAACGGATCTCTTGGTTCTGGCATCGATGAAGAACGCAGCGAAATGCGATAAGTAATGTGAATTGCAGAATTCAGTGAATCATCGAATCTTTGAACGCACATTGCGCCCCCCGGCACTCCGGGGGGCATGCCTGTTCGAGCGTCATTACACCACTCAAGCCTCGCTTGGTATTGGGCGCCGCGGTCCTCCCCGCGCGCCCCAATGTCTCCGGCTGAGCCGTCCGTCCCATCAGCGTTGTGGTTCAATCAACTCGCTCTCGG","great","Salinomycetes","Q",3053,"Q","C",48,17.3,"Dec21","k__Fungi","p__Ascomycota","c__Dothideomycetes","o__Dothideales","f__Dothideales_fam_Incertae_sedis","g__Hortaea","s__thailandica"
